osm_id,osm_type,name,phone,email,website,street,city,state,postcode,category,lat,lon,strategy,primary_flaw,flaw_count,score,grade,report_json,demo_url
5626838824,node,Home2 Suites,+1-407-839-3331,,https://www.hilton.com/en/hotels/mconmht-home2-suites-orlando-downtown/,North Magnolia Avenue,Orlando,Florida,32801,tourism=hotel,28.5478637,-81.376542,website_upgrade,protected_asset,0,70,C,"{""score"": 70, ""grade"": ""C"", ""is_protected"": true, ""error"": null, ""checks"": [], ""flaw_count"": 0, ""primary_flaw"": ""protected_asset""}",https://demo-site-beige-eight.vercel.app/?biz=Home2+Suites&city=Orlando&cat=tourism%3Dhotel&phone=%2B1-407-839-3331&report=eyJzY29yZSI6IDcwLCAiZ3JhZGUiOiAiQyIsICJpc3N1ZXMiOiBbXX0%3D
8668480899,node,SpringHill Suites,+1 407-960-4624,,https://www.marriott.com/mcows,North Orlando Avenue,Winter Park,Florida,32789,tourism=hotel,28.608779,-81.3655519,website_upgrade,protected_asset,0,70,C,"{""score"": 70, ""grade"": ""C"", ""is_protected"": true, ""error"": null, ""checks"": [], ""flaw_count"": 0, ""primary_flaw"": ""protected_asset""}",https://demo-site-beige-eight.vercel.app/?biz=SpringHill+Suites&city=Winter+Park&cat=tourism%3Dhotel&phone=%2B1+407-960-4624&report=eyJzY29yZSI6IDcwLCAiZ3JhZGUiOiAiQyIsICJpc3N1ZXMiOiBbXX0%3D
11481468260,node,Hilton Garden Inn,+1 407-648-4171,,https://www.hilton.com/en/hotels/mconmht-home2-suites-orlando-downtown/,North Magnolia Avenue,Orlando,Florida,32801,tourism=hotel,28.5478106,-81.3765398,website_upgrade,protected_asset,0,70,C,"{""score"": 70, ""grade"": ""C"", ""is_protected"": true, ""error"": null, ""checks"": [], ""flaw_count"": 0, ""primary_flaw"": ""protected_asset""}",https://demo-site-beige-eight.vercel.app/?biz=Hilton+Garden+Inn&city=Orlando&cat=tourism%3Dhotel&phone=%2B1+407-648-4171&report=eyJzY29yZSI6IDcwLCAiZ3JhZGUiOiAiQyIsICJpc3N1ZXMiOiBbXX0%3D
11873838519,node,Days Inn,+1 407-386-3645,,https://www.wyndhamhotels.com/days-inn/orlando-florida/days-inn-and-suites-orlando-airport/overview,McCoy Road,Orlando,Florida,32809,tourism=hotel,28.4514594,-81.3568568,website_upgrade,Sluggish load time (1.9s),2,75,B,"{""score"": 75, ""grade"": ""B"", ""is_protected"": false, ""error"": null, ""checks"": [{""id"": ""ssl"", ""title"": ""Valid HTTPS"", ""status"": ""pass"", ""detail"": ""Site is served securely over HTTPS."", ""recommendation"": """"}, {""id"": ""speed"", ""title"": ""Sluggish load time (1.9s)"", ""status"": ""fail"", ""detail"": ""Server response is slower than the ~1s users expect."", ""recommendation"": ""Enable caching/CDN and compress assets to cut response time.""}, {""id"": ""mobile"", ""title"": ""Mobile responsive"", ""status"": ""pass"", ""detail"": ""Viewport meta tag is present."", ""recommendation"": """"}, {""id"": ""seo_title"", ""title"": ""Page title present"", ""status"": ""pass"", ""detail"": ""Title: \""Days Inn & Suites by Wyndham Orlando Airport | Orlando, FL H\"""", ""recommendation"": """"}, {""id"": ""seo_meta"", ""title"": ""Meta description present"", ""status"": ""pass"", ""detail"": ""Search snippet is controlled, not auto-generated."", ""recommendation"": """"}, {""id"": ""seo_h1"", ""title"": ""Primary heading (H1) present"", ""status"": ""pass"", ""detail"": ""Clear page hierarchy for SEO."", ""recommendation"": """"}, {""id"": ""favicon"", ""title"": ""Favicon present"", ""status"": ""pass"", ""detail"": ""Browser tab branding is set."", ""recommendation"": """"}, {""id"": ""social_tags"", ""title"": ""Missing social preview tags"", ""status"": ""fail"", ""detail"": ""No Open Graph tags \u2014 shared links show a blank/ugly preview."", ""recommendation"": ""Add og:title, og:description and og:image meta tags.""}], ""flaw_count"": 2, ""primary_flaw"": ""Sluggish load time (1.9s)""}",https://demo-site-beige-eight.vercel.app/?biz=Days+Inn&city=Orlando&cat=tourism%3Dhotel&phone=%2B1+407-386-3645&report=eyJzY29yZSI6IDc1LCAiZ3JhZGUiOiAiQiIsICJpc3N1ZXMiOiBbIlNsdWdnaXNoIGxvYWQgdGltZSAoMS45cykiLCAiTWlzc2luZyBzb2NpYWwgcHJldmlldyB0YWdzIl19
11873838522,node,Hilton Garden Inn,+1 407-996-9001,,https://www.hilton.com/en/hotels/mcomigi-hilton-garden-inn-orlando-i-4-millenia-blvd-mall/,Millenia Place Drive,Orlando,Florida,32839,tourism=hotel,28.4804617,-81.4440108,website_upgrade,protected_asset,0,70,C,"{""score"": 70, ""grade"": ""C"", ""is_protected"": true, ""error"": null, ""checks"": [], ""flaw_count"": 0, ""primary_flaw"": ""protected_asset""}",https://demo-site-beige-eight.vercel.app/?biz=Hilton+Garden+Inn&city=Orlando&cat=tourism%3Dhotel&phone=%2B1+407-996-9001&report=eyJzY29yZSI6IDcwLCAiZ3JhZGUiOiAiQyIsICJpc3N1ZXMiOiBbXX0%3D
11873838523,node,Residence Inn,+1 407-352-2700,,https://www.marriott.com/mcoyr,Millenia Lakes Boulevard,Orlando,Florida,32839,tourism=hotel,28.4844988,-81.434862,website_upgrade,protected_asset,0,70,C,"{""score"": 70, ""grade"": ""C"", ""is_protected"": true, ""error"": null, ""checks"": [], ""flaw_count"": 0, ""primary_flaw"": ""protected_asset""}",https://demo-site-beige-eight.vercel.app/?biz=Residence+Inn&city=Orlando&cat=tourism%3Dhotel&phone=%2B1+407-352-2700&report=eyJzY29yZSI6IDcwLCAiZ3JhZGUiOiAiQyIsICJpc3N1ZXMiOiBbXX0%3D
11873838524,node,Fairfield Inn & Suites,,,https://www.marriott.com/mcoms,Millennia Boulevard,Orlando,Florida,32839,tourism=hotel,28.4937104,-81.4197567,website_upgrade,protected_asset,0,70,C,"{""score"": 70, ""grade"": ""C"", ""is_protected"": true, ""error"": null, ""checks"": [], ""flaw_count"": 0, ""primary_flaw"": ""protected_asset""}",https://demo-site-beige-eight.vercel.app/?biz=Fairfield+Inn+%26+Suites&city=Orlando&cat=tourism%3Dhotel&phone=&report=eyJzY29yZSI6IDcwLCAiZ3JhZGUiOiAiQyIsICJpc3N1ZXMiOiBbXX0%3D
13377075036,node,The Delaney Hotel,+1-407-849-0805,info@staydh.com,https://staydh.com/,South Orange Avenue,Orlando,Florida,32806,tourism=hotel,28.5258737,-81.3762497,website_upgrade,Sluggish load time (1.5s),2,75,B,"{""score"": 75, ""grade"": ""B"", ""is_protected"": false, ""error"": null, ""checks"": [{""id"": ""ssl"", ""title"": ""Valid HTTPS"", ""status"": ""pass"", ""detail"": ""Site is served securely over HTTPS."", ""recommendation"": """"}, {""id"": ""speed"", ""title"": ""Sluggish load time (1.5s)"", ""status"": ""fail"", ""detail"": ""Server response is slower than the ~1s users expect."", ""recommendation"": ""Enable caching/CDN and compress assets to cut response time.""}, {""id"": ""mobile"", ""title"": ""Mobile responsive"", ""status"": ""pass"", ""detail"": ""Viewport meta tag is present."", ""recommendation"": """"}, {""id"": ""seo_title"", ""title"": ""Page title present"", ""status"": ""pass"", ""detail"": ""Title: \""The Best Boutique Hotel in Downtown Orlando, FL | The Delane\"""", ""recommendation"": """"}, {""id"": ""seo_meta"", ""title"": ""Meta description present"", ""status"": ""pass"", ""detail"": ""Search snippet is controlled, not auto-generated."", ""recommendation"": """"}, {""id"": ""seo_h1"", ""title"": ""Missing primary heading (H1)"", ""status"": ""fail"", ""detail"": ""No H1 \u2014 search engines can't tell what the page is about."", ""recommendation"": ""Add one clear, keyword-relevant H1 per page.""}, {""id"": ""favicon"", ""title"": ""Favicon present"", ""status"": ""pass"", ""detail"": ""Browser tab branding is set."", ""recommendation"": """"}, {""id"": ""social_tags"", ""title"": ""Social share tags present"", ""status"": ""pass"", ""detail"": ""Links preview correctly on social/chat apps."", ""recommendation"": """"}], ""flaw_count"": 2, ""primary_flaw"": ""Sluggish load time (1.5s)""}",https://demo-site-beige-eight.vercel.app/?biz=The+Delaney+Hotel&city=Orlando&cat=tourism%3Dhotel&phone=%2B1-407-849-0805&report=eyJzY29yZSI6IDc1LCAiZ3JhZGUiOiAiQiIsICJpc3N1ZXMiOiBbIlNsdWdnaXNoIGxvYWQgdGltZSAoMS41cykiLCAiTWlzc2luZyBwcmltYXJ5IGhlYWRpbmcgKEgxKSJdfQ%3D%3D
48962565,way,Best Western Plus Universal Inn,+1 407-226-9119,,https://www.bestwestern.com/en_US/book/hotels-in-orlando/best-western-plus-universal-inn/propertyCode.10285.html,Vineland Road,Orlando,Florida,32819-7827,tourism=hotel,28.4811642,-81.4567066,website_upgrade,protected_asset,0,70,C,"{""score"": 70, ""grade"": ""C"", ""is_protected"": true, ""error"": null, ""checks"": [], ""flaw_count"": 0, ""primary_flaw"": ""protected_asset""}",https://demo-site-beige-eight.vercel.app/?biz=Best+Western+Plus+Universal+Inn&city=Orlando&cat=tourism%3Dhotel&phone=%2B1+407-226-9119&report=eyJzY29yZSI6IDcwLCAiZ3JhZGUiOiAiQyIsICJpc3N1ZXMiOiBbXX0%3D
80861861,way,Embassy Suites by Hilton Orlando Downtown,,,https://www.hilton.com/en/hotels/mcodtes-embassy-suites-orlando-downtown/,East Pine Street,Orlando,Florida,32801,tourism=hotel,28.5417512,-81.3755161,website_upgrade,protected_asset,0,70,C,"{""score"": 70, ""grade"": ""C"", ""is_protected"": true, ""error"": null, ""checks"": [], ""flaw_count"": 0, ""primary_flaw"": ""protected_asset""}",https://demo-site-beige-eight.vercel.app/?biz=Embassy+Suites+by+Hilton+Orlando+Downtown&city=Orlando&cat=tourism%3Dhotel&phone=&report=eyJzY29yZSI6IDcwLCAiZ3JhZGUiOiAiQyIsICJpc3N1ZXMiOiBbXX0%3D
82855238,way,Best Western Orlando Gateway Hotel,+1 407-351-5009,,https://www.bestwestern.com/en_US/book/hotel-rooms.10380.html,Universal Boulevard,Orlando,Florida,32819,tourism=hotel,28.4579482,-81.4633498,website_upgrade,protected_asset,0,70,C,"{""score"": 70, ""grade"": ""C"", ""is_protected"": true, ""error"": null, ""checks"": [], ""flaw_count"": 0, ""primary_flaw"": ""protected_asset""}",https://demo-site-beige-eight.vercel.app/?biz=Best+Western+Orlando+Gateway+Hotel&city=Orlando&cat=tourism%3Dhotel&phone=%2B1+407-351-5009&report=eyJzY29yZSI6IDcwLCAiZ3JhZGUiOiAiQyIsICJpc3N1ZXMiOiBbXX0%3D
136663292,way,Fairfield Inn Orlando Airport,,,https://www.marriott.com/mcofa,Augusta National Drive,Orlando,Florida,32822,tourism=hotel,28.4609889,-81.3069469,website_upgrade,protected_asset,0,70,C,"{""score"": 70, ""grade"": ""C"", ""is_protected"": true, ""error"": null, ""checks"": [], ""flaw_count"": 0, ""primary_flaw"": ""protected_asset""}",https://demo-site-beige-eight.vercel.app/?biz=Fairfield+Inn+Orlando+Airport&city=Orlando&cat=tourism%3Dhotel&phone=&report=eyJzY29yZSI6IDcwLCAiZ3JhZGUiOiAiQyIsICJpc3N1ZXMiOiBbXX0%3D
136663301,way,Hampton Inn Orlando International Airport,+1 407-888-2995,,https://www.hilton.com/en/hotels/mcoaphx-hampton-orlando-international-airport/,T.G. Lee Boulevard,Orlando,Florida,32822,tourism=hotel,28.4608925,-81.3076557,website_upgrade,protected_asset,0,70,C,"{""score"": 70, ""grade"": ""C"", ""is_protected"": true, ""error"": null, ""checks"": [], ""flaw_count"": 0, ""primary_flaw"": ""protected_asset""}",https://demo-site-beige-eight.vercel.app/?biz=Hampton+Inn+Orlando+International+Airport&city=Orlando&cat=tourism%3Dhotel&phone=%2B1+407-888-2995&report=eyJzY29yZSI6IDcwLCAiZ3JhZGUiOiAiQyIsICJpc3N1ZXMiOiBbXX0%3D
136663303,way,Residence Inn Orlando Airport,+1 407-856-2444,,https://www.marriott.com/mcoar,Augusta National Drive,Orlando,Florida,32822,tourism=hotel,28.4618168,-81.3066594,website_upgrade,protected_asset,0,70,C,"{""score"": 70, ""grade"": ""C"", ""is_protected"": true, ""error"": null, ""checks"": [], ""flaw_count"": 0, ""primary_flaw"": ""protected_asset""}",https://demo-site-beige-eight.vercel.app/?biz=Residence+Inn+Orlando+Airport&city=Orlando&cat=tourism%3Dhotel&phone=%2B1+407-856-2444&report=eyJzY29yZSI6IDcwLCAiZ3JhZGUiOiAiQyIsICJpc3N1ZXMiOiBbXX0%3D
136663305,way,SpringHill Suites Orlando Airport,+1 407-816-5533,,https://www.marriott.com/mcosa,Hazeltine National Drive,Orlando,Florida,32822,tourism=hotel,28.4624494,-81.3068421,website_upgrade,protected_asset,0,70,C,"{""score"": 70, ""grade"": ""C"", ""is_protected"": true, ""error"": null, ""checks"": [], ""flaw_count"": 0, ""primary_flaw"": ""protected_asset""}",https://demo-site-beige-eight.vercel.app/?biz=SpringHill+Suites+Orlando+Airport&city=Orlando&cat=tourism%3Dhotel&phone=%2B1+407-816-5533&report=eyJzY29yZSI6IDcwLCAiZ3JhZGUiOiAiQyIsICJpc3N1ZXMiOiBbXX0%3D
140619604,way,Comfort Inn International,+1 407-313-4000,,https://www.choicehotels.com/florida/orlando/rodeway-inn-hotels,International Drive,Orlando,Florida,32819,tourism=hotel,28.4478932,-81.4729899,website_upgrade,Website is unreachable or down,1,0,F,"{""score"": 0, ""grade"": ""F"", ""is_protected"": false, ""error"": ""Connection Failed"", ""checks"": [{""id"": ""uptime"", ""title"": ""Website is unreachable or down"", ""status"": ""fail"", ""detail"": ""The server refused the connection."", ""recommendation"": ""Verify hosting/DNS is active; migrate to reliable hosting.""}], ""flaw_count"": 1, ""primary_flaw"": ""Website is unreachable or down""}",https://demo-site-beige-eight.vercel.app/?biz=Comfort+Inn+International&city=Orlando&cat=tourism%3Dhotel&phone=%2B1+407-313-4000&report=eyJzY29yZSI6IDAsICJncmFkZSI6ICJGIiwgImlzc3VlcyI6IFsiV2Vic2l0ZSBpcyB1bnJlYWNoYWJsZSBvciBkb3duIl19
140619612,way,Embassy Suites by Hilton Orlando - International Drive / Convention Center,+1 407 352 1400,,https://www.hilton.com/en/hotels/mcoores-embassy-suites-orlando-international-drive-convention-center/,International Drive,Orlando,Florida,32819,tourism=hotel,28.4381616,-81.4730802,website_upgrade,protected_asset,0,70,C,"{""score"": 70, ""grade"": ""C"", ""is_protected"": true, ""error"": null, ""checks"": [], ""flaw_count"": 0, ""primary_flaw"": ""protected_asset""}",https://demo-site-beige-eight.vercel.app/?biz=Embassy+Suites+by+Hilton+Orlando+-+International+Drive+%2F+Convention+Center&city=Orlando&cat=tourism%3Dhotel&phone=%2B1+407+352+1400&report=eyJzY29yZSI6IDcwLCAiZ3JhZGUiOiAiQyIsICJpc3N1ZXMiOiBbXX0%3D
140619637,way,Clarion Inn International Drive,,,https://www.choicehotels.com/florida/orlando/clarion-hotels/fl774,International Drive,Orlando,Florida,32819,tourism=hotel,28.4426178,-81.4723116,website_upgrade,Website is unreachable or down,1,0,F,"{""score"": 0, ""grade"": ""F"", ""is_protected"": false, ""error"": ""Connection Failed"", ""checks"": [{""id"": ""uptime"", ""title"": ""Website is unreachable or down"", ""status"": ""fail"", ""detail"": ""The server refused the connection."", ""recommendation"": ""Verify hosting/DNS is active; migrate to reliable hosting.""}], ""flaw_count"": 1, ""primary_flaw"": ""Website is unreachable or down""}",https://demo-site-beige-eight.vercel.app/?biz=Clarion+Inn+International+Drive&city=Orlando&cat=tourism%3Dhotel&phone=&report=eyJzY29yZSI6IDAsICJncmFkZSI6ICJGIiwgImlzc3VlcyI6IFsiV2Vic2l0ZSBpcyB1bnJlYWNoYWJsZSBvciBkb3duIl19
140641431,way,Hampton Inn Orlando International Drive/Convention Center,+1 407-354-4447,,https://www.hilton.com/en/hotels/mcocchx-hampton-orlando-international-drive-convention-center/,Universal Boulevard,Orlando,Florida,32819,tourism=hotel,28.4365787,-81.4689528,website_upgrade,protected_asset,0,70,C,"{""score"": 70, ""grade"": ""C"", ""is_protected"": true, ""error"": null, ""checks"": [], ""flaw_count"": 0, ""primary_flaw"": ""protected_asset""}",https://demo-site-beige-eight.vercel.app/?biz=Hampton+Inn+Orlando+International+Drive%2FConvention+Center&city=Orlando&cat=tourism%3Dhotel&phone=%2B1+407-354-4447&report=eyJzY29yZSI6IDcwLCAiZ3JhZGUiOiAiQyIsICJpc3N1ZXMiOiBbXX0%3D
140641442,way,La Quinta Inn & Suites Orlando Convention Center,+1 407-345-1365,,https://www.wyndhamhotels.com/laquinta/orlando-florida/la-quinta-orlando-i-drive-conv-center/overview,Universal Boulevard,Orlando,Florida,32819,tourism=hotel,28.4411845,-81.4687591,website_upgrade,Sluggish load time (2.0s),2,75,B,"{""score"": 75, ""grade"": ""B"", ""is_protected"": false, ""error"": null, ""checks"": [{""id"": ""ssl"", ""title"": ""Valid HTTPS"", ""status"": ""pass"", ""detail"": ""Site is served securely over HTTPS."", ""recommendation"": """"}, {""id"": ""speed"", ""title"": ""Sluggish load time (2.0s)"", ""status"": ""fail"", ""detail"": ""Server response is slower than the ~1s users expect."", ""recommendation"": ""Enable caching/CDN and compress assets to cut response time.""}, {""id"": ""mobile"", ""title"": ""Mobile responsive"", ""status"": ""pass"", ""detail"": ""Viewport meta tag is present."", ""recommendation"": """"}, {""id"": ""seo_title"", ""title"": ""Page title present"", ""status"": ""pass"", ""detail"": ""Title: \""La Quinta Inn & Suites by Wyndham Orlando I Drive/Conv Ctr |\"""", ""recommendation"": """"}, {""id"": ""seo_meta"", ""title"": ""Meta description present"", ""status"": ""pass"", ""detail"": ""Search snippet is controlled, not auto-generated."", ""recommendation"": """"}, {""id"": ""seo_h1"", ""title"": ""Primary heading (H1) present"", ""status"": ""pass"", ""detail"": ""Clear page hierarchy for SEO."", ""recommendation"": """"}, {""id"": ""favicon"", ""title"": ""Favicon present"", ""status"": ""pass"", ""detail"": ""Browser tab branding is set."", ""recommendation"": """"}, {""id"": ""social_tags"", ""title"": ""Missing social preview tags"", ""status"": ""fail"", ""detail"": ""No Open Graph tags \u2014 shared links show a blank/ugly preview."", ""recommendation"": ""Add og:title, og:description and og:image meta tags.""}], ""flaw_count"": 2, ""primary_flaw"": ""Sluggish load time (2.0s)""}",https://demo-site-beige-eight.vercel.app/?biz=La+Quinta+Inn+%26+Suites+Orlando+Convention+Center&city=Orlando&cat=tourism%3Dhotel&phone=%2B1+407-345-1365&report=eyJzY29yZSI6IDc1LCAiZ3JhZGUiOiAiQiIsICJpc3N1ZXMiOiBbIlNsdWdnaXNoIGxvYWQgdGltZSAoMi4wcykiLCAiTWlzc2luZyBzb2NpYWwgcHJldmlldyB0YWdzIl19
140641446,way,Residence Inn Orlando Convention Center,+1 407-226-0288,,https://www.marriott.com/mcocv,Universal Boulevard,Orlando,Florida,32819,tourism=hotel,28.4376644,-81.4688409,website_upgrade,protected_asset,0,70,C,"{""score"": 70, ""grade"": ""C"", ""is_protected"": true, ""error"": null, ""checks"": [], ""flaw_count"": 0, ""primary_flaw"": ""protected_asset""}",https://demo-site-beige-eight.vercel.app/?biz=Residence+Inn+Orlando+Convention+Center&city=Orlando&cat=tourism%3Dhotel&phone=%2B1+407-226-0288&report=eyJzY29yZSI6IDcwLCAiZ3JhZGUiOiAiQyIsICJpc3N1ZXMiOiBbXX0%3D
140789656,way,Hampton Inn & Suites,+1 407 313 3030;+1 800 426 7866,,https://www.hilton.com/en/hotels/mcoidhx-hampton-suites-orlando-intl-dr-n/,International Drive,Orlando,Florida,32819,tourism=hotel,28.4530701,-81.4734072,website_upgrade,protected_asset,0,70,C,"{""score"": 70, ""grade"": ""C"", ""is_protected"": true, ""error"": null, ""checks"": [], ""flaw_count"": 0, ""primary_flaw"": ""protected_asset""}",https://demo-site-beige-eight.vercel.app/?biz=Hampton+Inn+%26+Suites&city=Orlando&cat=tourism%3Dhotel&phone=%2B1+407+313+3030%3B%2B1+800+426+7866&report=eyJzY29yZSI6IDcwLCAiZ3JhZGUiOiAiQyIsICJpc3N1ZXMiOiBbXX0%3D
140789658,way,Suburban Studios International Drive,+1-407-313-1090,,https://www.choicehotels.com/florida/orlando/econo-lodge-hotels/fl894,International Drive,Orlando,Florida,32819,tourism=hotel,28.4563143,-81.4729552,website_upgrade,Website is unreachable or down,1,0,F,"{""score"": 0, ""grade"": ""F"", ""is_protected"": false, ""error"": ""Connection Failed"", ""checks"": [{""id"": ""uptime"", ""title"": ""Website is unreachable or down"", ""status"": ""fail"", ""detail"": ""The server refused the connection."", ""recommendation"": ""Verify hosting/DNS is active; migrate to reliable hosting.""}], ""flaw_count"": 1, ""primary_flaw"": ""Website is unreachable or down""}",https://demo-site-beige-eight.vercel.app/?biz=Suburban+Studios+International+Drive&city=Orlando&cat=tourism%3Dhotel&phone=%2B1-407-313-1090&report=eyJzY29yZSI6IDAsICJncmFkZSI6ICJGIiwgImlzc3VlcyI6IFsiV2Vic2l0ZSBpcyB1bnJlYWNoYWJsZSBvciBkb3duIl19
140789669,way,"DASKK Orlando Hotel near Universal Blvd, Ascend Hotel Collection",+1 407 363 0332,,https://www.choicehotels.com/florida/orlando/ascend-hotels/fl280,Canada Avenue,Orlando,Florida,32819,tourism=hotel,28.4542541,-81.4691002,website_upgrade,Website is unreachable or down,1,0,F,"{""score"": 0, ""grade"": ""F"", ""is_protected"": false, ""error"": ""Connection Failed"", ""checks"": [{""id"": ""uptime"", ""title"": ""Website is unreachable or down"", ""status"": ""fail"", ""detail"": ""The server refused the connection."", ""recommendation"": ""Verify hosting/DNS is active; migrate to reliable hosting.""}], ""flaw_count"": 1, ""primary_flaw"": ""Website is unreachable or down""}",https://demo-site-beige-eight.vercel.app/?biz=DASKK+Orlando+Hotel+near+Universal+Blvd%2C+Ascend+Hotel+Collection&city=Orlando&cat=tourism%3Dhotel&phone=%2B1+407+363+0332&report=eyJzY29yZSI6IDAsICJncmFkZSI6ICJGIiwgImlzc3VlcyI6IFsiV2Vic2l0ZSBpcyB1bnJlYWNoYWJsZSBvciBkb3duIl19
140819259,way,Hilton Garden Inn Orlando International Drive North,,,https://www.hilton.com/en/hotels/orlihgi-hilton-garden-inn-orlando-international-drive-north/,American Way,Orlando,Florida,32819,tourism=hotel,28.4656935,-81.4610545,website_upgrade,protected_asset,0,70,C,"{""score"": 70, ""grade"": ""C"", ""is_protected"": true, ""error"": null, ""checks"": [], ""flaw_count"": 0, ""primary_flaw"": ""protected_asset""}",https://demo-site-beige-eight.vercel.app/?biz=Hilton+Garden+Inn+Orlando+International+Drive+North&city=Orlando&cat=tourism%3Dhotel&phone=&report=eyJzY29yZSI6IDcwLCAiZ3JhZGUiOiAiQyIsICJpc3N1ZXMiOiBbXX0%3D
141114077,way,Grand Hotel Universal,+1 407 313 9999,,https://grandhotelorlando.com/,Universal Boulevard,Orlando,Florida,32819,tourism=hotel,28.4514007,-81.464523,website_upgrade,Sluggish load time (1.4s),1,85,B,"{""score"": 85, ""grade"": ""B"", ""is_protected"": false, ""error"": null, ""checks"": [{""id"": ""ssl"", ""title"": ""Valid HTTPS"", ""status"": ""pass"", ""detail"": ""Site is served securely over HTTPS."", ""recommendation"": """"}, {""id"": ""speed"", ""title"": ""Sluggish load time (1.4s)"", ""status"": ""fail"", ""detail"": ""Server response is slower than the ~1s users expect."", ""recommendation"": ""Enable caching/CDN and compress assets to cut response time.""}, {""id"": ""mobile"", ""title"": ""Mobile responsive"", ""status"": ""pass"", ""detail"": ""Viewport meta tag is present."", ""recommendation"": """"}, {""id"": ""seo_title"", ""title"": ""Page title present"", ""status"": ""pass"", ""detail"": ""Title: \""Spacious Hotel Rooms - Grand Hotel Orlando at Universal Blvd\"""", ""recommendation"": """"}, {""id"": ""seo_meta"", ""title"": ""Meta description present"", ""status"": ""pass"", ""detail"": ""Search snippet is controlled, not auto-generated."", ""recommendation"": """"}, {""id"": ""seo_h1"", ""title"": ""Primary heading (H1) present"", ""status"": ""pass"", ""detail"": ""Clear page hierarchy for SEO."", ""recommendation"": """"}, {""id"": ""favicon"", ""title"": ""Favicon present"", ""status"": ""pass"", ""detail"": ""Browser tab branding is set."", ""recommendation"": """"}, {""id"": ""social_tags"", ""title"": ""Social share tags present"", ""status"": ""pass"", ""detail"": ""Links preview correctly on social/chat apps."", ""recommendation"": """"}], ""flaw_count"": 1, ""primary_flaw"": ""Sluggish load time (1.4s)""}",https://demo-site-beige-eight.vercel.app/?biz=Grand+Hotel+Universal&city=Orlando&cat=tourism%3Dhotel&phone=%2B1+407+313+9999&report=eyJzY29yZSI6IDg1LCAiZ3JhZGUiOiAiQiIsICJpc3N1ZXMiOiBbIlNsdWdnaXNoIGxvYWQgdGltZSAoMS40cykiXX0%3D
141114078,way,Spark Orlando,+1 407-313-4200,,https://www.hilton.com/en/hotels/mcouvpe-spark-orlando-universal-blvd/,Universal Boulevard,Orlando,Florida,32819,tourism=hotel,28.4524653,-81.4643023,website_upgrade,protected_asset,0,70,C,"{""score"": 70, ""grade"": ""C"", ""is_protected"": true, ""error"": null, ""checks"": [], ""flaw_count"": 0, ""primary_flaw"": ""protected_asset""}",https://demo-site-beige-eight.vercel.app/?biz=Spark+Orlando&city=Orlando&cat=tourism%3Dhotel&phone=%2B1+407-313-4200&report=eyJzY29yZSI6IDcwLCAiZ3JhZGUiOiAiQyIsICJpc3N1ZXMiOiBbXX0%3D
141114079,way,"Hotel Landy Orlando Universal Blvd., A Tribute Portfolio Hotel",+1 407 355 0550,info@hotellandy.com,https://www.marriott.com/en-us/hotels/mcost-hotel-landy-orlando-universal-blvd-a-tribute-portfolio-hotel/overview/,Universal Boulevard,Orlando,Florida,32819,tourism=hotel,28.4518049,-81.4659946,website_upgrade,protected_asset,0,70,C,"{""score"": 70, ""grade"": ""C"", ""is_protected"": true, ""error"": null, ""checks"": [], ""flaw_count"": 0, ""primary_flaw"": ""protected_asset""}",https://demo-site-beige-eight.vercel.app/?biz=Hotel+Landy+Orlando+Universal+Blvd.%2C+A+Tribute+Portfolio+Hotel&city=Orlando&cat=tourism%3Dhotel&phone=%2B1+407+355+0550&report=eyJzY29yZSI6IDcwLCAiZ3JhZGUiOiAiQyIsICJpc3N1ZXMiOiBbXX0%3D
141114081,way,Comfort Inn & Suites Universal-Convention Center,+1 407-351-7000,,https://www.choicehotels.com/florida/orlando/comfort-inn-hotels/flc02,Canada Avenue,Orlando,Florida,32819,tourism=hotel,28.4532898,-81.4676719,website_upgrade,Website is unreachable or down,1,0,F,"{""score"": 0, ""grade"": ""F"", ""is_protected"": false, ""error"": ""Connection Failed"", ""checks"": [{""id"": ""uptime"", ""title"": ""Website is unreachable or down"", ""status"": ""fail"", ""detail"": ""The server refused the connection."", ""recommendation"": ""Verify hosting/DNS is active; migrate to reliable hosting.""}], ""flaw_count"": 1, ""primary_flaw"": ""Website is unreachable or down""}",https://demo-site-beige-eight.vercel.app/?biz=Comfort+Inn+%26+Suites+Universal-Convention+Center&city=Orlando&cat=tourism%3Dhotel&phone=%2B1+407-351-7000&report=eyJzY29yZSI6IDAsICJncmFkZSI6ICJGIiwgImlzc3VlcyI6IFsiV2Vic2l0ZSBpcyB1bnJlYWNoYWJsZSBvciBkb3duIl19
141114083,way,Hampton Inn Orlando Near Universal Blv/International Dr,+1 407-345-1112,,https://www.hilton.com/en/hotels/mcokkhx-hampton-orlando-near-universal-blv-international-dr/,Kirkman Road,Orlando,Florida,32819,tourism=hotel,28.4592755,-81.4594185,website_upgrade,protected_asset,0,70,C,"{""score"": 70, ""grade"": ""C"", ""is_protected"": true, ""error"": null, ""checks"": [], ""flaw_count"": 0, ""primary_flaw"": ""protected_asset""}",https://demo-site-beige-eight.vercel.app/?biz=Hampton+Inn+Orlando+Near+Universal+Blv%2FInternational+Dr&city=Orlando&cat=tourism%3Dhotel&phone=%2B1+407-345-1112&report=eyJzY29yZSI6IDcwLCAiZ3JhZGUiOiAiQyIsICJpc3N1ZXMiOiBbXX0%3D
141114084,way,StaySky Suites I-Drive Orlando,+1 407 581 2151;+1 800 228 2027,,https://www.stayskysuitesidriveorlando.com/,Canada Avenue,Orlando,Florida,32819,tourism=hotel,28.452027,-81.4674261,website_upgrade,Sluggish load time (2.2s),1,85,B,"{""score"": 85, ""grade"": ""B"", ""is_protected"": false, ""error"": null, ""checks"": [{""id"": ""ssl"", ""title"": ""Valid HTTPS"", ""status"": ""pass"", ""detail"": ""Site is served securely over HTTPS."", ""recommendation"": """"}, {""id"": ""speed"", ""title"": ""Sluggish load time (2.2s)"", ""status"": ""fail"", ""detail"": ""Server response is slower than the ~1s users expect."", ""recommendation"": ""Enable caching/CDN and compress assets to cut response time.""}, {""id"": ""mobile"", ""title"": ""Mobile responsive"", ""status"": ""pass"", ""detail"": ""Viewport meta tag is present."", ""recommendation"": """"}, {""id"": ""seo_title"", ""title"": ""Page title present"", ""status"": ""pass"", ""detail"": ""Title: \""Orlando Hotel Suites | I-Drive Orlando Hotel | Official Webs\"""", ""recommendation"": """"}, {""id"": ""seo_meta"", ""title"": ""Meta description present"", ""status"": ""pass"", ""detail"": ""Search snippet is controlled, not auto-generated."", ""recommendation"": """"}, {""id"": ""seo_h1"", ""title"": ""Primary heading (H1) present"", ""status"": ""pass"", ""detail"": ""Clear page hierarchy for SEO."", ""recommendation"": """"}, {""id"": ""favicon"", ""title"": ""Favicon present"", ""status"": ""pass"", ""detail"": ""Browser tab branding is set."", ""recommendation"": """"}, {""id"": ""social_tags"", ""title"": ""Social share tags present"", ""status"": ""pass"", ""detail"": ""Links preview correctly on social/chat apps."", ""recommendation"": """"}], ""flaw_count"": 1, ""primary_flaw"": ""Sluggish load time (2.2s)""}",https://demo-site-beige-eight.vercel.app/?biz=StaySky+Suites+I-Drive+Orlando&city=Orlando&cat=tourism%3Dhotel&phone=%2B1+407+581+2151%3B%2B1+800+228+2027&report=eyJzY29yZSI6IDg1LCAiZ3JhZGUiOiAiQiIsICJpc3N1ZXMiOiBbIlNsdWdnaXNoIGxvYWQgdGltZSAoMi4ycykiXX0%3D
141114102,way,Baymont,+1 407-212-3021,,https://www.floridianhotelorlando.com/,Canada Avenue,Orlando,Florida,32819,tourism=hotel,28.4526378,-81.4675008,website_upgrade,Website is unreachable or down,1,0,F,"{""score"": 0, ""grade"": ""F"", ""is_protected"": false, ""error"": ""Connection Failed"", ""checks"": [{""id"": ""uptime"", ""title"": ""Website is unreachable or down"", ""status"": ""fail"", ""detail"": ""The server refused the connection."", ""recommendation"": ""Verify hosting/DNS is active; migrate to reliable hosting.""}], ""flaw_count"": 1, ""primary_flaw"": ""Website is unreachable or down""}",https://demo-site-beige-eight.vercel.app/?biz=Baymont&city=Orlando&cat=tourism%3Dhotel&phone=%2B1+407-212-3021&report=eyJzY29yZSI6IDAsICJncmFkZSI6ICJGIiwgImlzc3VlcyI6IFsiV2Vic2l0ZSBpcyB1bnJlYWNoYWJsZSBvciBkb3duIl19
148748792,way,Best Western International Drive - Orlando,+1 407 345 1172;+1 800 780 7234,,https://www.bestwestern.com/en_US/book/hotels-in-orlando/best-western-international-drive-orlando/propertyCode.10385.html,Jamaican Court,Orlando,Florida,32819-9313,tourism=hotel,28.4474666,-81.4717875,website_upgrade,protected_asset,0,70,C,"{""score"": 70, ""grade"": ""C"", ""is_protected"": true, ""error"": null, ""checks"": [], ""flaw_count"": 0, ""primary_flaw"": ""protected_asset""}",https://demo-site-beige-eight.vercel.app/?biz=Best+Western+International+Drive+-+Orlando&city=Orlando&cat=tourism%3Dhotel&phone=%2B1+407+345+1172%3B%2B1+800+780+7234&report=eyJzY29yZSI6IDcwLCAiZ3JhZGUiOiAiQyIsICJpc3N1ZXMiOiBbXX0%3D
148748796,way,Embassy Suites by Hilton Orlando International Drive ICON Park,+1 407-345-8250,,https://www.hilton.com/en/hotels/mcoites-embassy-suites-orlando-international-drive-icon-park/,Jamaican Court,Orlando,Florida,32819,tourism=hotel,28.4470466,-81.4731622,website_upgrade,protected_asset,0,70,C,"{""score"": 70, ""grade"": ""C"", ""is_protected"": true, ""error"": null, ""checks"": [], ""flaw_count"": 0, ""primary_flaw"": ""protected_asset""}",https://demo-site-beige-eight.vercel.app/?biz=Embassy+Suites+by+Hilton+Orlando+International+Drive+ICON+Park&city=Orlando&cat=tourism%3Dhotel&phone=%2B1+407-345-8250&report=eyJzY29yZSI6IDcwLCAiZ3JhZGUiOiAiQyIsICJpc3N1ZXMiOiBbXX0%3D
154082379,way,Holiday Inn Express & Suites Universal Studios Orlando,+1-407-363-1333,,https://www.ihg.com/holidayinnexpress/hotels/us/en/orlando/mcomb/hoteldetail,Major Boulevard,Orlando,Florida,32819,tourism=hotel,28.4820528,-81.4545926,website_upgrade,protected_asset,0,70,C,"{""score"": 70, ""grade"": ""C"", ""is_protected"": true, ""error"": null, ""checks"": [], ""flaw_count"": 0, ""primary_flaw"": ""protected_asset""}",https://demo-site-beige-eight.vercel.app/?biz=Holiday+Inn+Express+%26+Suites+Universal+Studios+Orlando&city=Orlando&cat=tourism%3Dhotel&phone=%2B1-407-363-1333&report=eyJzY29yZSI6IDcwLCAiZ3JhZGUiOiAiQyIsICJpc3N1ZXMiOiBbXX0%3D
154082388,way,Hampton,+1 407-351-6716,,https://www.hilton.com/en/hotels/mcowhhx-hampton-closest-to-universal-orlando/,Windhover Drive,Orlando,Florida,32819,tourism=hotel,28.4856999,-81.4560072,website_upgrade,protected_asset,0,70,C,"{""score"": 70, ""grade"": ""C"", ""is_protected"": true, ""error"": null, ""checks"": [], ""flaw_count"": 0, ""primary_flaw"": ""protected_asset""}",https://demo-site-beige-eight.vercel.app/?biz=Hampton&city=Orlando&cat=tourism%3Dhotel&phone=%2B1+407-351-6716&report=eyJzY29yZSI6IDcwLCAiZ3JhZGUiOiAiQyIsICJpc3N1ZXMiOiBbXX0%3D
154082391,way,Comfort Suites Near Universal Orlando Resort,+1 407-363-1967,,https://www.choicehotels.com/florida/sanford/comfort-inn-hotels,Major Boulevard,Orlando,Florida,32819,tourism=hotel,28.4814226,-81.4530366,website_upgrade,Website is unreachable or down,1,0,F,"{""score"": 0, ""grade"": ""F"", ""is_protected"": false, ""error"": ""Connection Failed"", ""checks"": [{""id"": ""uptime"", ""title"": ""Website is unreachable or down"", ""status"": ""fail"", ""detail"": ""The server refused the connection."", ""recommendation"": ""Verify hosting/DNS is active; migrate to reliable hosting.""}], ""flaw_count"": 1, ""primary_flaw"": ""Website is unreachable or down""}",https://demo-site-beige-eight.vercel.app/?biz=Comfort+Suites+Near+Universal+Orlando+Resort&city=Orlando&cat=tourism%3Dhotel&phone=%2B1+407-363-1967&report=eyJzY29yZSI6IDAsICJncmFkZSI6ICJGIiwgImlzc3VlcyI6IFsiV2Vic2l0ZSBpcyB1bnJlYWNoYWJsZSBvciBkb3duIl19
154082399,way,Hyatt Place,+1 407-351-0627,,https://www.hyatt.com/en-us/hotel/florida/hyatt-place-across-from-universal-orlando-resort/orlzu,Caravan Court,Orlando,Florida,32819,tourism=hotel,28.4750745,-81.4567757,website_upgrade,protected_asset,0,70,C,"{""score"": 70, ""grade"": ""C"", ""is_protected"": true, ""error"": null, ""checks"": [], ""flaw_count"": 0, ""primary_flaw"": ""protected_asset""}",https://demo-site-beige-eight.vercel.app/?biz=Hyatt+Place&city=Orlando&cat=tourism%3Dhotel&phone=%2B1+407-351-0627&report=eyJzY29yZSI6IDcwLCAiZ3JhZGUiOiAiQyIsICJpc3N1ZXMiOiBbXX0%3D
154082409,way,"Extended Stay America - Orlando Theme Parks - Major Blvd., FL",+1 407-351-1788,,,Major Boulevard,Orlando,Florida,32819,tourism=hotel,28.4802211,-81.4542665,no_website,,0,,,,https://demo-site-beige-eight.vercel.app/?biz=Extended+Stay+America+-+Orlando+Theme+Parks+-+Major+Blvd.%2C+FL&city=Orlando&cat=tourism%3Dhotel&phone=%2B1+407-351-1788
154082417,way,Courtyard by Marriott across Universal Orlando,+1 407-351-3333,reservations@cy-universal.com,https://www.marriott.com/en-us/hotels/mcoyu-courtyard-across-universal-orlando/overview/,Caravan Court,Orlando,Florida,32819,tourism=hotel,28.4763306,-81.457617,website_upgrade,protected_asset,0,70,C,"{""score"": 70, ""grade"": ""C"", ""is_protected"": true, ""error"": null, ""checks"": [], ""flaw_count"": 0, ""primary_flaw"": ""protected_asset""}",https://demo-site-beige-eight.vercel.app/?biz=Courtyard+by+Marriott+across+Universal+Orlando&city=Orlando&cat=tourism%3Dhotel&phone=%2B1+407-351-3333&report=eyJzY29yZSI6IDcwLCAiZ3JhZGUiOiAiQyIsICJpc3N1ZXMiOiBbXX0%3D
154082420,way,Fairfield Inn & Suites,+1 407-581-5600,,https://www.marriott.com/hotels/travel/mcous-fairfield-inn-and-suites-orlando-near-universal-orlando-resort/,Vineland Road,Orlando,Florida,32819-7827,tourism=hotel,28.482006,-81.4565988,website_upgrade,protected_asset,0,70,C,"{""score"": 70, ""grade"": ""C"", ""is_protected"": true, ""error"": null, ""checks"": [], ""flaw_count"": 0, ""primary_flaw"": ""protected_asset""}",https://demo-site-beige-eight.vercel.app/?biz=Fairfield+Inn+%26+Suites&city=Orlando&cat=tourism%3Dhotel&phone=%2B1+407-581-5600&report=eyJzY29yZSI6IDcwLCAiZ3JhZGUiOiAiQyIsICJpc3N1ZXMiOiBbXX0%3D
154082421,way,La Quinta Inn & Suites Orlando Universal area,+1 407-313-3100,,https://www.wyndhamhotels.com/laquinta/orlando-florida/la-quinta-orlando-universal-area/overview,Major Boulevard,Orlando,Florida,32819,tourism=hotel,28.4812322,-81.4528241,website_upgrade,Sluggish load time (1.2s),2,75,B,"{""score"": 75, ""grade"": ""B"", ""is_protected"": false, ""error"": null, ""checks"": [{""id"": ""ssl"", ""title"": ""Valid HTTPS"", ""status"": ""pass"", ""detail"": ""Site is served securely over HTTPS."", ""recommendation"": """"}, {""id"": ""speed"", ""title"": ""Sluggish load time (1.2s)"", ""status"": ""fail"", ""detail"": ""Server response is slower than the ~1s users expect."", ""recommendation"": ""Enable caching/CDN and compress assets to cut response time.""}, {""id"": ""mobile"", ""title"": ""Mobile responsive"", ""status"": ""pass"", ""detail"": ""Viewport meta tag is present."", ""recommendation"": """"}, {""id"": ""seo_title"", ""title"": ""Page title present"", ""status"": ""pass"", ""detail"": ""Title: \""La Quinta Inn & Suites by Wyndham Orlando Universal area | O\"""", ""recommendation"": """"}, {""id"": ""seo_meta"", ""title"": ""Meta description present"", ""status"": ""pass"", ""detail"": ""Search snippet is controlled, not auto-generated."", ""recommendation"": """"}, {""id"": ""seo_h1"", ""title"": ""Primary heading (H1) present"", ""status"": ""pass"", ""detail"": ""Clear page hierarchy for SEO."", ""recommendation"": """"}, {""id"": ""favicon"", ""title"": ""Favicon present"", ""status"": ""pass"", ""detail"": ""Browser tab branding is set."", ""recommendation"": """"}, {""id"": ""social_tags"", ""title"": ""Missing social preview tags"", ""status"": ""fail"", ""detail"": ""No Open Graph tags \u2014 shared links show a blank/ugly preview."", ""recommendation"": ""Add og:title, og:description and og:image meta tags.""}], ""flaw_count"": 2, ""primary_flaw"": ""Sluggish load time (1.2s)""}",https://demo-site-beige-eight.vercel.app/?biz=La+Quinta+Inn+%26+Suites+Orlando+Universal+area&city=Orlando&cat=tourism%3Dhotel&phone=%2B1+407-313-3100&report=eyJzY29yZSI6IDc1LCAiZ3JhZGUiOiAiQiIsICJpc3N1ZXMiOiBbIlNsdWdnaXNoIGxvYWQgdGltZSAoMS4ycykiLCAiTWlzc2luZyBzb2NpYWwgcHJldmlldyB0YWdzIl19
154082422,way,Clarion Inn & Suites Across From Universal Orlando Resort,+13212344256,,,Caravan Court,Orlando,Florida,32819,tourism=hotel,28.4771445,-81.4548131,no_website,,0,,,,https://demo-site-beige-eight.vercel.app/?biz=Clarion+Inn+%26+Suites+Across+From+Universal+Orlando+Resort&city=Orlando&cat=tourism%3Dhotel&phone=%2B13212344256
183211153,way,Ramada Suites Orlando Airport,+1 407-240-3939,,https://www.wyndhamhotels.com/ramada/orlando-florida/ramada-suites-orlando-airport/overview,Augusta National Drive,Orlando,Florida,32822,tourism=hotel,28.4561313,-81.3088327,website_upgrade,Extremely slow load time (4.0s),2,75,B,"{""score"": 75, ""grade"": ""B"", ""is_protected"": false, ""error"": null, ""checks"": [{""id"": ""ssl"", ""title"": ""Valid HTTPS"", ""status"": ""pass"", ""detail"": ""Site is served securely over HTTPS."", ""recommendation"": """"}, {""id"": ""speed"", ""title"": ""Extremely slow load time (4.0s)"", ""status"": ""fail"", ""detail"": ""Visitors are likely abandoning the page before it loads."", ""recommendation"": ""Move to modern static hosting (e.g. Vercel/Netlify/CDN) \u2014 this alone can 10x load speed.""}, {""id"": ""mobile"", ""title"": ""Mobile responsive"", ""status"": ""pass"", ""detail"": ""Viewport meta tag is present."", ""recommendation"": """"}, {""id"": ""seo_title"", ""title"": ""Page title present"", ""status"": ""pass"", ""detail"": ""Title: \""Ramada by Wyndham Suites Orlando Airport | Orlando, FL Hotel\"""", ""recommendation"": """"}, {""id"": ""seo_meta"", ""title"": ""Meta description present"", ""status"": ""pass"", ""detail"": ""Search snippet is controlled, not auto-generated."", ""recommendation"": """"}, {""id"": ""seo_h1"", ""title"": ""Primary heading (H1) present"", ""status"": ""pass"", ""detail"": ""Clear page hierarchy for SEO."", ""recommendation"": """"}, {""id"": ""favicon"", ""title"": ""Favicon present"", ""status"": ""pass"", ""detail"": ""Browser tab branding is set."", ""recommendation"": """"}, {""id"": ""social_tags"", ""title"": ""Missing social preview tags"", ""status"": ""fail"", ""detail"": ""No Open Graph tags \u2014 shared links show a blank/ugly preview."", ""recommendation"": ""Add og:title, og:description and og:image meta tags.""}], ""flaw_count"": 2, ""primary_flaw"": ""Extremely slow load time (4.0s)""}",https://demo-site-beige-eight.vercel.app/?biz=Ramada+Suites+Orlando+Airport&city=Orlando&cat=tourism%3Dhotel&phone=%2B1+407-240-3939&report=eyJzY29yZSI6IDc1LCAiZ3JhZGUiOiAiQiIsICJpc3N1ZXMiOiBbIkV4dHJlbWVseSBzbG93IGxvYWQgdGltZSAoNC4wcykiLCAiTWlzc2luZyBzb2NpYWwgcHJldmlldyB0YWdzIl19
183282409,way,Hilton Garden Inn Orlando Airport,+1 407-240-3725,,https://www.hilton.com/en/hotels/orlahgi-hilton-garden-inn-orlando-airport/,Augusta National Drive,Orlando,Florida,32822,tourism=hotel,28.458263,-81.3079772,website_upgrade,protected_asset,0,70,C,"{""score"": 70, ""grade"": ""C"", ""is_protected"": true, ""error"": null, ""checks"": [], ""flaw_count"": 0, ""primary_flaw"": ""protected_asset""}",https://demo-site-beige-eight.vercel.app/?biz=Hilton+Garden+Inn+Orlando+Airport&city=Orlando&cat=tourism%3Dhotel&phone=%2B1+407-240-3725&report=eyJzY29yZSI6IDcwLCAiZ3JhZGUiOiAiQyIsICJpc3N1ZXMiOiBbXX0%3D
183353191,way,Marriott Orlando Airport Lakeside,+1-407-851-9000,,https://www.marriott.com/en-us/hotels/mcoap-marriott-orlando-airport-lakeside/overview/,Augusta National Drive,Orlando,Florida,32822,tourism=hotel,28.4561571,-81.3056489,website_upgrade,protected_asset,0,70,C,"{""score"": 70, ""grade"": ""C"", ""is_protected"": true, ""error"": null, ""checks"": [], ""flaw_count"": 0, ""primary_flaw"": ""protected_asset""}",https://demo-site-beige-eight.vercel.app/?biz=Marriott+Orlando+Airport+Lakeside&city=Orlando&cat=tourism%3Dhotel&phone=%2B1-407-851-9000&report=eyJzY29yZSI6IDcwLCAiZ3JhZGUiOiAiQyIsICJpc3N1ZXMiOiBbXX0%3D
183356804,way,Staybridge Suites Orlando Airport,+1-800-230-4134,,,Augusta National Drive,Orlando,Florida,32822,tourism=hotel,28.4571694,-81.3083885,no_website,,0,,,,https://demo-site-beige-eight.vercel.app/?biz=Staybridge+Suites+Orlando+Airport&city=Orlando&cat=tourism%3Dhotel&phone=%2B1-800-230-4134
183389364,way,Holiday Inn Orlando - International Airport,+1-407-851-6400,frontoffice@hiorlandoairport.com,,TG Lee Boulevard,Orlando,Florida,32822,tourism=hotel,28.4594399,-81.3088422,no_website,,0,,,,https://demo-site-beige-eight.vercel.app/?biz=Holiday+Inn+Orlando+-+International+Airport&city=Orlando&cat=tourism%3Dhotel&phone=%2B1-407-851-6400
183531554,way,Embassy Suites by Hilton Orlando Airport,,,https://www.hilton.com/en/hotels/mcoates-embassy-suites-orlando-airport/,T. G. Lee Boulevard,Orlando,Florida,32822,tourism=hotel,28.4607123,-81.3055743,website_upgrade,protected_asset,0,70,C,"{""score"": 70, ""grade"": ""C"", ""is_protected"": true, ""error"": null, ""checks"": [], ""flaw_count"": 0, ""primary_flaw"": ""protected_asset""}",https://demo-site-beige-eight.vercel.app/?biz=Embassy+Suites+by+Hilton+Orlando+Airport&city=Orlando&cat=tourism%3Dhotel&phone=&report=eyJzY29yZSI6IDcwLCAiZ3JhZGUiOiAiQyIsICJpc3N1ZXMiOiBbXX0%3D
183599970,way,Courtyard Orlando Airport,+1 407-240-7200,,https://www.marriott.com/mcoch,North Frontage Road,Orlando,Florida,32812,tourism=hotel,28.4591591,-81.3113441,website_upgrade,protected_asset,0,70,C,"{""score"": 70, ""grade"": ""C"", ""is_protected"": true, ""error"": null, ""checks"": [], ""flaw_count"": 0, ""primary_flaw"": ""protected_asset""}",https://demo-site-beige-eight.vercel.app/?biz=Courtyard+Orlando+Airport&city=Orlando&cat=tourism%3Dhotel&phone=%2B1+407-240-7200&report=eyJzY29yZSI6IDcwLCAiZ3JhZGUiOiAiQyIsICJpc3N1ZXMiOiBbXX0%3D
281411713,way,DoubleTree,+1 407-425-4455,,https://www.hilton.com/en/hotels/mcooddt-doubletree-orlando-downtown/,South Ivanhoe Boulevard,Orlando,Florida,32804,tourism=hotel,28.5589606,-81.3787011,website_upgrade,protected_asset,0,70,C,"{""score"": 70, ""grade"": ""C"", ""is_protected"": true, ""error"": null, ""checks"": [], ""flaw_count"": 0, ""primary_flaw"": ""protected_asset""}",https://demo-site-beige-eight.vercel.app/?biz=DoubleTree&city=Orlando&cat=tourism%3Dhotel&phone=%2B1+407-425-4455&report=eyJzY29yZSI6IDcwLCAiZ3JhZGUiOiAiQyIsICJpc3N1ZXMiOiBbXX0%3D
294127192,way,Days Inn Orlando Midtown,+1 407-720-3732,,https://www.wyndhamhotels.com/days-inn/orlando-florida/days-inn-orlando-downtown/overview,South Orange Blossom Trail,Orlando,Florida,32839,tourism=hotel,28.5086776,-81.3981676,website_upgrade,Missing social preview tags,1,90,A,"{""score"": 90, ""grade"": ""A"", ""is_protected"": false, ""error"": null, ""checks"": [{""id"": ""ssl"", ""title"": ""Valid HTTPS"", ""status"": ""pass"", ""detail"": ""Site is served securely over HTTPS."", ""recommendation"": """"}, {""id"": ""speed"", ""title"": ""Fast server response"", ""status"": ""pass"", ""detail"": ""Time-to-first-byte was 0.51s."", ""recommendation"": """"}, {""id"": ""mobile"", ""title"": ""Mobile responsive"", ""status"": ""pass"", ""detail"": ""Viewport meta tag is present."", ""recommendation"": """"}, {""id"": ""seo_title"", ""title"": ""Page title present"", ""status"": ""pass"", ""detail"": ""Title: \""Days Inn by Wyndham Orlando Downtown | Orlando, FL Hotels\"""", ""recommendation"": """"}, {""id"": ""seo_meta"", ""title"": ""Meta description present"", ""status"": ""pass"", ""detail"": ""Search snippet is controlled, not auto-generated."", ""recommendation"": """"}, {""id"": ""seo_h1"", ""title"": ""Primary heading (H1) present"", ""status"": ""pass"", ""detail"": ""Clear page hierarchy for SEO."", ""recommendation"": """"}, {""id"": ""favicon"", ""title"": ""Favicon present"", ""status"": ""pass"", ""detail"": ""Browser tab branding is set."", ""recommendation"": """"}, {""id"": ""social_tags"", ""title"": ""Missing social preview tags"", ""status"": ""fail"", ""detail"": ""No Open Graph tags \u2014 shared links show a blank/ugly preview."", ""recommendation"": ""Add og:title, og:description and og:image meta tags.""}], ""flaw_count"": 1, ""primary_flaw"": ""Missing social preview tags""}",https://demo-site-beige-eight.vercel.app/?biz=Days+Inn+Orlando+Midtown&city=Orlando&cat=tourism%3Dhotel&phone=%2B1+407-720-3732&report=eyJzY29yZSI6IDkwLCAiZ3JhZGUiOiAiQSIsICJpc3N1ZXMiOiBbIk1pc3Npbmcgc29jaWFsIHByZXZpZXcgdGFncyJdfQ%3D%3D
313653165,way,Howard Johnson Inn Airport Florida Mall,+1 407-851-1050,,http://www.hojo.com/hotels/florida/orlando/howard-johnson-inn-airport-florida-mall/hotel-overview?cid=local&iata=00065402&iata=00065402,South Orange Blossom Trail,Orlando,Florida,32837,tourism=hotel,28.4245165,-81.4040751,website_upgrade,Sluggish load time (1.3s),4,55,D,"{""score"": 55, ""grade"": ""D"", ""is_protected"": false, ""error"": null, ""checks"": [{""id"": ""ssl"", ""title"": ""Valid HTTPS"", ""status"": ""pass"", ""detail"": ""Site is served securely over HTTPS."", ""recommendation"": """"}, {""id"": ""speed"", ""title"": ""Sluggish load time (1.3s)"", ""status"": ""fail"", ""detail"": ""Server response is slower than the ~1s users expect."", ""recommendation"": ""Enable caching/CDN and compress assets to cut response time.""}, {""id"": ""mobile"", ""title"": ""Mobile responsive"", ""status"": ""pass"", ""detail"": ""Viewport meta tag is present."", ""recommendation"": """"}, {""id"": ""seo_title"", ""title"": ""Page title present"", ""status"": ""pass"", ""detail"": ""Title: \""Search Results\"""", ""recommendation"": """"}, {""id"": ""seo_meta"", ""title"": ""Missing meta description"", ""status"": ""fail"", ""detail"": ""Google will auto-generate a snippet, often poorly."", ""recommendation"": ""Write a compelling 150-character meta description per page.""}, {""id"": ""seo_h1"", ""title"": ""Missing primary heading (H1)"", ""status"": ""fail"", ""detail"": ""No H1 \u2014 search engines can't tell what the page is about."", ""recommendation"": ""Add one clear, keyword-relevant H1 per page.""}, {""id"": ""favicon"", ""title"": ""Favicon present"", ""status"": ""pass"", ""detail"": ""Browser tab branding is set."", ""recommendation"": """"}, {""id"": ""social_tags"", ""title"": ""Missing social preview tags"", ""status"": ""fail"", ""detail"": ""No Open Graph tags \u2014 shared links show a blank/ugly preview."", ""recommendation"": ""Add og:title, og:description and og:image meta tags.""}], ""flaw_count"": 4, ""primary_flaw"": ""Sluggish load time (1.3s)""}",https://demo-site-beige-eight.vercel.app/?biz=Howard+Johnson+Inn+Airport+Florida+Mall&city=Orlando&cat=tourism%3Dhotel&phone=%2B1+407-851-1050&report=eyJzY29yZSI6IDU1LCAiZ3JhZGUiOiAiRCIsICJpc3N1ZXMiOiBbIlNsdWdnaXNoIGxvYWQgdGltZSAoMS4zcykiLCAiTWlzc2luZyBtZXRhIGRlc2NyaXB0aW9uIiwgIk1pc3NpbmcgcHJpbWFyeSBoZWFkaW5nIChIMSkiLCAiTWlzc2luZyBzb2NpYWwgcHJldmlldyB0YWdzIl19
313653284,way,La Quinta Inn & Suites Orlando South,+1 407-240-0500,,https://www.wyndhamhotels.com/laquinta/orlando-florida/la-quinta-orlando-south/overview,,City Not Listed,Florida,,tourism=hotel,28.4289996,-81.405686,website_upgrade,Missing meta description,3,70,C,"{""score"": 70, ""grade"": ""C"", ""is_protected"": false, ""error"": null, ""checks"": [{""id"": ""ssl"", ""title"": ""Valid HTTPS"", ""status"": ""pass"", ""detail"": ""Site is served securely over HTTPS."", ""recommendation"": """"}, {""id"": ""speed"", ""title"": ""Fast server response"", ""status"": ""pass"", ""detail"": ""Time-to-first-byte was 1.11s."", ""recommendation"": """"}, {""id"": ""mobile"", ""title"": ""Mobile responsive"", ""status"": ""pass"", ""detail"": ""Viewport meta tag is present."", ""recommendation"": """"}, {""id"": ""seo_title"", ""title"": ""Page title present"", ""status"": ""pass"", ""detail"": ""Title: \""Search Results\"""", ""recommendation"": """"}, {""id"": ""seo_meta"", ""title"": ""Missing meta description"", ""status"": ""fail"", ""detail"": ""Google will auto-generate a snippet, often poorly."", ""recommendation"": ""Write a compelling 150-character meta description per page.""}, {""id"": ""seo_h1"", ""title"": ""Missing primary heading (H1)"", ""status"": ""fail"", ""detail"": ""No H1 \u2014 search engines can't tell what the page is about."", ""recommendation"": ""Add one clear, keyword-relevant H1 per page.""}, {""id"": ""favicon"", ""title"": ""Favicon present"", ""status"": ""pass"", ""detail"": ""Browser tab branding is set."", ""recommendation"": """"}, {""id"": ""social_tags"", ""title"": ""Missing social preview tags"", ""status"": ""fail"", ""detail"": ""No Open Graph tags \u2014 shared links show a blank/ugly preview."", ""recommendation"": ""Add og:title, og:description and og:image meta tags.""}], ""flaw_count"": 3, ""primary_flaw"": ""Missing meta description""}",https://demo-site-beige-eight.vercel.app/?biz=La+Quinta+Inn+%26+Suites+Orlando+South&city=City+Not+Listed&cat=tourism%3Dhotel&phone=%2B1+407-240-0500&report=eyJzY29yZSI6IDcwLCAiZ3JhZGUiOiAiQyIsICJpc3N1ZXMiOiBbIk1pc3NpbmcgbWV0YSBkZXNjcmlwdGlvbiIsICJNaXNzaW5nIHByaW1hcnkgaGVhZGluZyAoSDEpIiwgIk1pc3Npbmcgc29jaWFsIHByZXZpZXcgdGFncyJdfQ%3D%3D
313780265,way,Orlando Palms,+1 407-859-4100,,https://hamptoninn-flmall-orlando.h-rez.com/index.htm,South Orange Blossom Trail,Orlando,Florida,32809,tourism=hotel,28.4401728,-81.4028032,website_upgrade,protected_asset,0,70,C,"{""score"": 70, ""grade"": ""C"", ""is_protected"": true, ""error"": null, ""checks"": [], ""flaw_count"": 0, ""primary_flaw"": ""protected_asset""}",https://demo-site-beige-eight.vercel.app/?biz=Orlando+Palms&city=Orlando&cat=tourism%3Dhotel&phone=%2B1+407-859-4100&report=eyJzY29yZSI6IDcwLCAiZ3JhZGUiOiAiQyIsICJpc3N1ZXMiOiBbXX0%3D
313780277,way,Red Roof Inn Orlando South - Florida Mall,+1 407-240-0570,,https://www.redroof.com/property/Orlando/FL/32809/Hotels-close-to-Orlando-Airport-Florida-528/RRI766/,South Orange Blossom Trail,Orlando,Florida,32809,tourism=hotel,28.4448746,-81.4033787,website_upgrade,protected_asset,0,70,C,"{""score"": 70, ""grade"": ""C"", ""is_protected"": true, ""error"": null, ""checks"": [], ""flaw_count"": 0, ""primary_flaw"": ""protected_asset""}",https://demo-site-beige-eight.vercel.app/?biz=Red+Roof+Inn+Orlando+South+-+Florida+Mall&city=Orlando&cat=tourism%3Dhotel&phone=%2B1+407-240-0570&report=eyJzY29yZSI6IDcwLCAiZ3JhZGUiOiAiQyIsICJpc3N1ZXMiOiBbXX0%3D
313780396,way,Vacation Lodge Hotel,+1 407-506-1200,,http://www.vacationlodgecitrusbowl.com,South Orange Blossom Trail,Orlando,Florida,32839,tourism=hotel,28.5342512,-81.3981314,website_upgrade,Website is unreachable or down,1,0,F,"{""score"": 0, ""grade"": ""F"", ""is_protected"": false, ""error"": ""Connection Failed"", ""checks"": [{""id"": ""uptime"", ""title"": ""Website is unreachable or down"", ""status"": ""fail"", ""detail"": ""The server refused the connection."", ""recommendation"": ""Verify hosting/DNS is active; migrate to reliable hosting.""}], ""flaw_count"": 1, ""primary_flaw"": ""Website is unreachable or down""}",https://demo-site-beige-eight.vercel.app/?biz=Vacation+Lodge+Hotel&city=Orlando&cat=tourism%3Dhotel&phone=%2B1+407-506-1200&report=eyJzY29yZSI6IDAsICJncmFkZSI6ICJGIiwgImlzc3VlcyI6IFsiV2Vic2l0ZSBpcyB1bnJlYWNoYWJsZSBvciBkb3duIl19
319806506,way,SpringHill Suites Orlando Altamonte Springs/Maitland,+1 407-865-6400,,https://www.marriott.com/mcoal,,Altamonte Springs,Florida,32714,tourism=hotel,28.6632787,-81.3915409,website_upgrade,protected_asset,0,70,C,"{""score"": 70, ""grade"": ""C"", ""is_protected"": true, ""error"": null, ""checks"": [], ""flaw_count"": 0, ""primary_flaw"": ""protected_asset""}",https://demo-site-beige-eight.vercel.app/?biz=SpringHill+Suites+Orlando+Altamonte+Springs%2FMaitland&city=Altamonte+Springs&cat=tourism%3Dhotel&phone=%2B1+407-865-6400&report=eyJzY29yZSI6IDcwLCAiZ3JhZGUiOiAiQyIsICJpc3N1ZXMiOiBbXX0%3D
319806507,way,Ramada,+1 407-862-8200,,https://www.wyndhamhotels.com/ramada/altamonte-springs-florida/ramada-altamonte-springs-near-1-4/overview,Douglas Avenue,Altamonte Springs,Florida,32714,tourism=hotel,28.6632904,-81.3909595,website_upgrade,Missing social preview tags,1,90,A,"{""score"": 90, ""grade"": ""A"", ""is_protected"": false, ""error"": null, ""checks"": [{""id"": ""ssl"", ""title"": ""Valid HTTPS"", ""status"": ""pass"", ""detail"": ""Site is served securely over HTTPS."", ""recommendation"": """"}, {""id"": ""speed"", ""title"": ""Fast server response"", ""status"": ""pass"", ""detail"": ""Time-to-first-byte was 0.44s."", ""recommendation"": """"}, {""id"": ""mobile"", ""title"": ""Mobile responsive"", ""status"": ""pass"", ""detail"": ""Viewport meta tag is present."", ""recommendation"": """"}, {""id"": ""seo_title"", ""title"": ""Page title present"", ""status"": ""pass"", ""detail"": ""Title: \""Ramada by Wyndham Altamonte Springs Near I-4 | Altamonte Spr\"""", ""recommendation"": """"}, {""id"": ""seo_meta"", ""title"": ""Meta description present"", ""status"": ""pass"", ""detail"": ""Search snippet is controlled, not auto-generated."", ""recommendation"": """"}, {""id"": ""seo_h1"", ""title"": ""Primary heading (H1) present"", ""status"": ""pass"", ""detail"": ""Clear page hierarchy for SEO."", ""recommendation"": """"}, {""id"": ""favicon"", ""title"": ""Favicon present"", ""status"": ""pass"", ""detail"": ""Browser tab branding is set."", ""recommendation"": """"}, {""id"": ""social_tags"", ""title"": ""Missing social preview tags"", ""status"": ""fail"", ""detail"": ""No Open Graph tags \u2014 shared links show a blank/ugly preview."", ""recommendation"": ""Add og:title, og:description and og:image meta tags.""}], ""flaw_count"": 1, ""primary_flaw"": ""Missing social preview tags""}",https://demo-site-beige-eight.vercel.app/?biz=Ramada&city=Altamonte+Springs&cat=tourism%3Dhotel&phone=%2B1+407-862-8200&report=eyJzY29yZSI6IDkwLCAiZ3JhZGUiOiAiQSIsICJpc3N1ZXMiOiBbIk1pc3Npbmcgc29jaWFsIHByZXZpZXcgdGFncyJdfQ%3D%3D
319806516,way,Hampton Inn & Suites Orlando North/Altamonte Springs,+1 407-331-0220,,https://www.hilton.com/en/hotels/mcoalhx-hampton-suites-orlando-north-altamonte-springs/,Douglas Avenue,Altamonte Springs,Florida,32714,tourism=hotel,28.6643731,-81.389723,website_upgrade,protected_asset,0,70,C,"{""score"": 70, ""grade"": ""C"", ""is_protected"": true, ""error"": null, ""checks"": [], ""flaw_count"": 0, ""primary_flaw"": ""protected_asset""}",https://demo-site-beige-eight.vercel.app/?biz=Hampton+Inn+%26+Suites+Orlando+North%2FAltamonte+Springs&city=Altamonte+Springs&cat=tourism%3Dhotel&phone=%2B1+407-331-0220&report=eyJzY29yZSI6IDcwLCAiZ3JhZGUiOiAiQyIsICJpc3N1ZXMiOiBbXX0%3D
319806517,way,TownePlace Suites Orlando Altamonte Springs/Maitland,+1 321-316-3111,,https://www.marriott.com/hotels/travel/mcosg-towneplace-suites-orlando-altamonte-springs-maitland/,Douglas Avenue,Altamonte Springs,Florida,32714,tourism=hotel,28.6637901,-81.389729,website_upgrade,protected_asset,0,70,C,"{""score"": 70, ""grade"": ""C"", ""is_protected"": true, ""error"": null, ""checks"": [], ""flaw_count"": 0, ""primary_flaw"": ""protected_asset""}",https://demo-site-beige-eight.vercel.app/?biz=TownePlace+Suites+Orlando+Altamonte+Springs%2FMaitland&city=Altamonte+Springs&cat=tourism%3Dhotel&phone=%2B1+321-316-3111&report=eyJzY29yZSI6IDcwLCAiZ3JhZGUiOiAiQyIsICJpc3N1ZXMiOiBbXX0%3D
319807352,way,Baymont,+1 321-274-8010,,https://www.wyndhamhotels.com/baymont/altamonte-springs-florida/baymont-altamonte-springs/overview,Wymore Road,Altamonte Springs,Florida,32714,tourism=hotel,28.6595106,-81.3897579,website_upgrade,Sluggish load time (1.2s),4,55,D,"{""score"": 55, ""grade"": ""D"", ""is_protected"": false, ""error"": null, ""checks"": [{""id"": ""ssl"", ""title"": ""Valid HTTPS"", ""status"": ""pass"", ""detail"": ""Site is served securely over HTTPS."", ""recommendation"": """"}, {""id"": ""speed"", ""title"": ""Sluggish load time (1.2s)"", ""status"": ""fail"", ""detail"": ""Server response is slower than the ~1s users expect."", ""recommendation"": ""Enable caching/CDN and compress assets to cut response time.""}, {""id"": ""mobile"", ""title"": ""Mobile responsive"", ""status"": ""pass"", ""detail"": ""Viewport meta tag is present."", ""recommendation"": """"}, {""id"": ""seo_title"", ""title"": ""Page title present"", ""status"": ""pass"", ""detail"": ""Title: \""Search Results\"""", ""recommendation"": """"}, {""id"": ""seo_meta"", ""title"": ""Missing meta description"", ""status"": ""fail"", ""detail"": ""Google will auto-generate a snippet, often poorly."", ""recommendation"": ""Write a compelling 150-character meta description per page.""}, {""id"": ""seo_h1"", ""title"": ""Missing primary heading (H1)"", ""status"": ""fail"", ""detail"": ""No H1 \u2014 search engines can't tell what the page is about."", ""recommendation"": ""Add one clear, keyword-relevant H1 per page.""}, {""id"": ""favicon"", ""title"": ""Favicon present"", ""status"": ""pass"", ""detail"": ""Browser tab branding is set."", ""recommendation"": """"}, {""id"": ""social_tags"", ""title"": ""Missing social preview tags"", ""status"": ""fail"", ""detail"": ""No Open Graph tags \u2014 shared links show a blank/ugly preview."", ""recommendation"": ""Add og:title, og:description and og:image meta tags.""}], ""flaw_count"": 4, ""primary_flaw"": ""Sluggish load time (1.2s)""}",https://demo-site-beige-eight.vercel.app/?biz=Baymont&city=Altamonte+Springs&cat=tourism%3Dhotel&phone=%2B1+321-274-8010&report=eyJzY29yZSI6IDU1LCAiZ3JhZGUiOiAiRCIsICJpc3N1ZXMiOiBbIlNsdWdnaXNoIGxvYWQgdGltZSAoMS4ycykiLCAiTWlzc2luZyBtZXRhIGRlc2NyaXB0aW9uIiwgIk1pc3NpbmcgcHJpbWFyeSBoZWFkaW5nIChIMSkiLCAiTWlzc2luZyBzb2NpYWwgcHJldmlldyB0YWdzIl19
321031979,way,Days Inn Orlando / Airport / Florida Mall,+1 407-855-0308,,daysinn.com,South Orange Blossom Trail,Orlando,Florida,32837,tourism=hotel,28.4272335,-81.4034482,website_upgrade,Sluggish load time (1.5s),3,65,C,"{""score"": 65, ""grade"": ""C"", ""is_protected"": false, ""error"": null, ""checks"": [{""id"": ""ssl"", ""title"": ""Valid HTTPS"", ""status"": ""pass"", ""detail"": ""Site is served securely over HTTPS."", ""recommendation"": """"}, {""id"": ""speed"", ""title"": ""Sluggish load time (1.5s)"", ""status"": ""fail"", ""detail"": ""Server response is slower than the ~1s users expect."", ""recommendation"": ""Enable caching/CDN and compress assets to cut response time.""}, {""id"": ""mobile"", ""title"": ""Mobile responsive"", ""status"": ""pass"", ""detail"": ""Viewport meta tag is present."", ""recommendation"": """"}, {""id"": ""seo_title"", ""title"": ""Page title present"", ""status"": ""pass"", ""detail"": ""Title: \""Days Inn by Wyndham - Book Hotel Rooms\"""", ""recommendation"": """"}, {""id"": ""seo_meta"", ""title"": ""Meta description present"", ""status"": ""pass"", ""detail"": ""Search snippet is controlled, not auto-generated."", ""recommendation"": """"}, {""id"": ""seo_h1"", ""title"": ""Missing primary heading (H1)"", ""status"": ""fail"", ""detail"": ""No H1 \u2014 search engines can't tell what the page is about."", ""recommendation"": ""Add one clear, keyword-relevant H1 per page.""}, {""id"": ""favicon"", ""title"": ""Favicon present"", ""status"": ""pass"", ""detail"": ""Browser tab branding is set."", ""recommendation"": """"}, {""id"": ""social_tags"", ""title"": ""Missing social preview tags"", ""status"": ""fail"", ""detail"": ""No Open Graph tags \u2014 shared links show a blank/ugly preview."", ""recommendation"": ""Add og:title, og:description and og:image meta tags.""}], ""flaw_count"": 3, ""primary_flaw"": ""Sluggish load time (1.5s)""}",https://demo-site-beige-eight.vercel.app/?biz=Days+Inn+Orlando+%2F+Airport+%2F+Florida+Mall&city=Orlando&cat=tourism%3Dhotel&phone=%2B1+407-855-0308&report=eyJzY29yZSI6IDY1LCAiZ3JhZGUiOiAiQyIsICJpc3N1ZXMiOiBbIlNsdWdnaXNoIGxvYWQgdGltZSAoMS41cykiLCAiTWlzc2luZyBwcmltYXJ5IGhlYWRpbmcgKEgxKSIsICJNaXNzaW5nIHNvY2lhbCBwcmV2aWV3IHRhZ3MiXX0%3D
331162183,way,Ramada Plaza Resort and Suites Orlando International Drive,+1 321-234-3869,,https://www.wyndhamhotels.com/ramada/orlando-florida/ramada-plaza-resort-and-suites-orlando-international-drive/overview,International Drive,Orlando,Florida,32819,tourism=hotel,28.4576958,-81.4684698,website_upgrade,Missing social preview tags,1,90,A,"{""score"": 90, ""grade"": ""A"", ""is_protected"": false, ""error"": null, ""checks"": [{""id"": ""ssl"", ""title"": ""Valid HTTPS"", ""status"": ""pass"", ""detail"": ""Site is served securely over HTTPS."", ""recommendation"": """"}, {""id"": ""speed"", ""title"": ""Fast server response"", ""status"": ""pass"", ""detail"": ""Time-to-first-byte was 0.46s."", ""recommendation"": """"}, {""id"": ""mobile"", ""title"": ""Mobile responsive"", ""status"": ""pass"", ""detail"": ""Viewport meta tag is present."", ""recommendation"": """"}, {""id"": ""seo_title"", ""title"": ""Page title present"", ""status"": ""pass"", ""detail"": ""Title: \""Ramada Plaza by Wyndham Orlando Resort & Suites Intl Drive |\"""", ""recommendation"": """"}, {""id"": ""seo_meta"", ""title"": ""Meta description present"", ""status"": ""pass"", ""detail"": ""Search snippet is controlled, not auto-generated."", ""recommendation"": """"}, {""id"": ""seo_h1"", ""title"": ""Primary heading (H1) present"", ""status"": ""pass"", ""detail"": ""Clear page hierarchy for SEO."", ""recommendation"": """"}, {""id"": ""favicon"", ""title"": ""Favicon present"", ""status"": ""pass"", ""detail"": ""Browser tab branding is set."", ""recommendation"": """"}, {""id"": ""social_tags"", ""title"": ""Missing social preview tags"", ""status"": ""fail"", ""detail"": ""No Open Graph tags \u2014 shared links show a blank/ugly preview."", ""recommendation"": ""Add og:title, og:description and og:image meta tags.""}], ""flaw_count"": 1, ""primary_flaw"": ""Missing social preview tags""}",https://demo-site-beige-eight.vercel.app/?biz=Ramada+Plaza+Resort+and+Suites+Orlando+International+Drive&city=Orlando&cat=tourism%3Dhotel&phone=%2B1+321-234-3869&report=eyJzY29yZSI6IDkwLCAiZ3JhZGUiOiAiQSIsICJpc3N1ZXMiOiBbIk1pc3Npbmcgc29jaWFsIHByZXZpZXcgdGFncyJdfQ%3D%3D
331559439,way,Hyatt Place Orlando/Convention Center,+1 407-370-4720,,https://www.hyatt.com/en-us/hotel/florida/hyatt-place-orlando-i-drive-convention-center/orlzl,International Drive,Orlando,Florida,32819,tourism=hotel,28.4383318,-81.4692151,website_upgrade,protected_asset,0,70,C,"{""score"": 70, ""grade"": ""C"", ""is_protected"": true, ""error"": null, ""checks"": [], ""flaw_count"": 0, ""primary_flaw"": ""protected_asset""}",https://demo-site-beige-eight.vercel.app/?biz=Hyatt+Place+Orlando%2FConvention+Center&city=Orlando&cat=tourism%3Dhotel&phone=%2B1+407-370-4720&report=eyJzY29yZSI6IDcwLCAiZ3JhZGUiOiAiQyIsICJpc3N1ZXMiOiBbXX0%3D
331941334,way,Las Palmeras by Hilton Grand Vacations,+1 407 233 2200,,https://www.hilton.com/en/hotels/mcoubgv-hilton-grand-vacations-club-las-palmeras-orlando/,Universal Boulevard,Orlando,Florida,,tourism=hotel,28.4339154,-81.459299,website_upgrade,protected_asset,0,70,C,"{""score"": 70, ""grade"": ""C"", ""is_protected"": true, ""error"": null, ""checks"": [], ""flaw_count"": 0, ""primary_flaw"": ""protected_asset""}",https://demo-site-beige-eight.vercel.app/?biz=Las+Palmeras+by+Hilton+Grand+Vacations&city=Orlando&cat=tourism%3Dhotel&phone=%2B1+407+233+2200&report=eyJzY29yZSI6IDcwLCAiZ3JhZGUiOiAiQyIsICJpc3N1ZXMiOiBbXX0%3D
339980958,way,WoodSpring Suites,+1-407-292-6200,,https://www.woodspring.com/extended-stay-hotels/locations/florida/orlando/woodspring-suites-orlando-clarcona,Clarcona Ocoee Road,Orlando,Florida,32810,tourism=hotel,28.6137761,-81.4307701,website_upgrade,,0,100,A,"{""score"": 100, ""grade"": ""A"", ""is_protected"": false, ""error"": null, ""checks"": [{""id"": ""ssl"", ""title"": ""Valid HTTPS"", ""status"": ""pass"", ""detail"": ""Site is served securely over HTTPS."", ""recommendation"": """"}, {""id"": ""speed"", ""title"": ""Fast server response"", ""status"": ""pass"", ""detail"": ""Time-to-first-byte was 0.94s."", ""recommendation"": """"}, {""id"": ""mobile"", ""title"": ""Mobile responsive"", ""status"": ""pass"", ""detail"": ""Viewport meta tag is present."", ""recommendation"": """"}, {""id"": ""seo_title"", ""title"": ""Page title present"", ""status"": ""pass"", ""detail"": ""Title: \""Extended Stay Hotel in Orlando, FL | WoodSpring Suites Orlan\"""", ""recommendation"": """"}, {""id"": ""seo_meta"", ""title"": ""Meta description present"", ""status"": ""pass"", ""detail"": ""Search snippet is controlled, not auto-generated."", ""recommendation"": """"}, {""id"": ""seo_h1"", ""title"": ""Primary heading (H1) present"", ""status"": ""pass"", ""detail"": ""Clear page hierarchy for SEO."", ""recommendation"": """"}, {""id"": ""favicon"", ""title"": ""Favicon present"", ""status"": ""pass"", ""detail"": ""Browser tab branding is set."", ""recommendation"": """"}, {""id"": ""social_tags"", ""title"": ""Social share tags present"", ""status"": ""pass"", ""detail"": ""Links preview correctly on social/chat apps."", ""recommendation"": """"}], ""flaw_count"": 0, ""primary_flaw"": """"}",https://demo-site-beige-eight.vercel.app/?biz=WoodSpring+Suites&city=Orlando&cat=tourism%3Dhotel&phone=%2B1-407-292-6200&report=eyJzY29yZSI6IDEwMCwgImdyYWRlIjogIkEiLCAiaXNzdWVzIjogW119
383446956,way,The Point Hotel & Suites,,,https://www.thepointorlando.com/,Universal Boulevard,Orlando,Florida,32819,tourism=hotel,28.4567385,-81.4627997,website_upgrade,,0,100,A,"{""score"": 100, ""grade"": ""A"", ""is_protected"": false, ""error"": null, ""checks"": [{""id"": ""ssl"", ""title"": ""Valid HTTPS"", ""status"": ""pass"", ""detail"": ""Site is served securely over HTTPS."", ""recommendation"": """"}, {""id"": ""speed"", ""title"": ""Fast server response"", ""status"": ""pass"", ""detail"": ""Time-to-first-byte was 0.98s."", ""recommendation"": """"}, {""id"": ""mobile"", ""title"": ""Mobile responsive"", ""status"": ""pass"", ""detail"": ""Viewport meta tag is present."", ""recommendation"": """"}, {""id"": ""seo_title"", ""title"": ""Page title present"", ""status"": ""pass"", ""detail"": ""Title: \""The Point Hotel & Suites Orlando | Apartment-Style Suites on\"""", ""recommendation"": """"}, {""id"": ""seo_meta"", ""title"": ""Meta description present"", ""status"": ""pass"", ""detail"": ""Search snippet is controlled, not auto-generated."", ""recommendation"": """"}, {""id"": ""seo_h1"", ""title"": ""Primary heading (H1) present"", ""status"": ""pass"", ""detail"": ""Clear page hierarchy for SEO."", ""recommendation"": """"}, {""id"": ""favicon"", ""title"": ""Favicon present"", ""status"": ""pass"", ""detail"": ""Browser tab branding is set."", ""recommendation"": """"}, {""id"": ""social_tags"", ""title"": ""Social share tags present"", ""status"": ""pass"", ""detail"": ""Links preview correctly on social/chat apps."", ""recommendation"": """"}], ""flaw_count"": 0, ""primary_flaw"": """"}",https://demo-site-beige-eight.vercel.app/?biz=The+Point+Hotel+%26+Suites&city=Orlando&cat=tourism%3Dhotel&phone=&report=eyJzY29yZSI6IDEwMCwgImdyYWRlIjogIkEiLCAiaXNzdWVzIjogW119
469067136,way,Hampton Inn & Suites,+1 407-226-3999,,https://www.hilton.com/en/hotels/mcojyhx-hampton-suites-orlando-john-young-pkwy-s-park/,Futures Drive,Orlando,Florida,32819,tourism=hotel,28.4385778,-81.4283774,website_upgrade,protected_asset,0,70,C,"{""score"": 70, ""grade"": ""C"", ""is_protected"": true, ""error"": null, ""checks"": [], ""flaw_count"": 0, ""primary_flaw"": ""protected_asset""}",https://demo-site-beige-eight.vercel.app/?biz=Hampton+Inn+%26+Suites&city=Orlando&cat=tourism%3Dhotel&phone=%2B1+407-226-3999&report=eyJzY29yZSI6IDcwLCAiZ3JhZGUiOiAiQyIsICJpc3N1ZXMiOiBbXX0%3D
506122823,way,DoubleTree by Hilton Hotel Orlando Airport,,,https://www.hilton.com/en/hotels/mcohndt-doubletree-orlando-airport/,Hazeltine National Drive,Orlando,Florida,32812,tourism=hotel,28.4637939,-81.3111395,website_upgrade,protected_asset,0,70,C,"{""score"": 70, ""grade"": ""C"", ""is_protected"": true, ""error"": null, ""checks"": [], ""flaw_count"": 0, ""primary_flaw"": ""protected_asset""}",https://demo-site-beige-eight.vercel.app/?biz=DoubleTree+by+Hilton+Hotel+Orlando+Airport&city=Orlando&cat=tourism%3Dhotel&phone=&report=eyJzY29yZSI6IDcwLCAiZ3JhZGUiOiAiQyIsICJpc3N1ZXMiOiBbXX0%3D
506122901,way,"Country Inn & Suites by Radisson, Orlando Airport, FL",+1 407-856-8896,cx_oria@countryinn.com,https://www.radissonhotels.com/en-us/hotels/country-inn-orlando-airport-fl,Forbes Place,Orlando,Florida,32812,tourism=hotel,28.459815,-81.3139077,website_upgrade,protected_asset,0,70,C,"{""score"": 70, ""grade"": ""C"", ""is_protected"": true, ""error"": null, ""checks"": [], ""flaw_count"": 0, ""primary_flaw"": ""protected_asset""}",https://demo-site-beige-eight.vercel.app/?biz=Country+Inn+%26+Suites+by+Radisson%2C+Orlando+Airport%2C+FL&city=Orlando&cat=tourism%3Dhotel&phone=%2B1+407-856-8896&report=eyJzY29yZSI6IDcwLCAiZ3JhZGUiOiAiQyIsICJpc3N1ZXMiOiBbXX0%3D
506122930,way,La Quinta Inn & Suites Orlando Airport North,+1 407-240-5000,,https://www.wyndhamhotels.com/laquinta/orlando-florida/la-quinta-orlando-airport-north/overview,,City Not Listed,Florida,,tourism=hotel,28.4590047,-81.3136594,website_upgrade,Missing meta description,3,70,C,"{""score"": 70, ""grade"": ""C"", ""is_protected"": false, ""error"": null, ""checks"": [{""id"": ""ssl"", ""title"": ""Valid HTTPS"", ""status"": ""pass"", ""detail"": ""Site is served securely over HTTPS."", ""recommendation"": """"}, {""id"": ""speed"", ""title"": ""Fast server response"", ""status"": ""pass"", ""detail"": ""Time-to-first-byte was 1.14s."", ""recommendation"": """"}, {""id"": ""mobile"", ""title"": ""Mobile responsive"", ""status"": ""pass"", ""detail"": ""Viewport meta tag is present."", ""recommendation"": """"}, {""id"": ""seo_title"", ""title"": ""Page title present"", ""status"": ""pass"", ""detail"": ""Title: \""Search Results\"""", ""recommendation"": """"}, {""id"": ""seo_meta"", ""title"": ""Missing meta description"", ""status"": ""fail"", ""detail"": ""Google will auto-generate a snippet, often poorly."", ""recommendation"": ""Write a compelling 150-character meta description per page.""}, {""id"": ""seo_h1"", ""title"": ""Missing primary heading (H1)"", ""status"": ""fail"", ""detail"": ""No H1 \u2014 search engines can't tell what the page is about."", ""recommendation"": ""Add one clear, keyword-relevant H1 per page.""}, {""id"": ""favicon"", ""title"": ""Favicon present"", ""status"": ""pass"", ""detail"": ""Browser tab branding is set."", ""recommendation"": """"}, {""id"": ""social_tags"", ""title"": ""Missing social preview tags"", ""status"": ""fail"", ""detail"": ""No Open Graph tags \u2014 shared links show a blank/ugly preview."", ""recommendation"": ""Add og:title, og:description and og:image meta tags.""}], ""flaw_count"": 3, ""primary_flaw"": ""Missing meta description""}",https://demo-site-beige-eight.vercel.app/?biz=La+Quinta+Inn+%26+Suites+Orlando+Airport+North&city=City+Not+Listed&cat=tourism%3Dhotel&phone=%2B1+407-240-5000&report=eyJzY29yZSI6IDcwLCAiZ3JhZGUiOiAiQyIsICJpc3N1ZXMiOiBbIk1pc3NpbmcgbWV0YSBkZXNjcmlwdGlvbiIsICJNaXNzaW5nIHByaW1hcnkgaGVhZGluZyAoSDEpIiwgIk1pc3Npbmcgc29jaWFsIHByZXZpZXcgdGFncyJdfQ%3D%3D
548879975,way,Quality Inn & Suites Orlando Airport,+1-407-641-1284,,https://www.choicehotels.com/de-de/florida/orlando/quality-inn-hotels/fl389,McCoy Road,Orlando,Florida,32809,tourism=hotel,28.4523654,-81.3508209,website_upgrade,Website is unreachable or down,1,0,F,"{""score"": 0, ""grade"": ""F"", ""is_protected"": false, ""error"": ""Connection Failed"", ""checks"": [{""id"": ""uptime"", ""title"": ""Website is unreachable or down"", ""status"": ""fail"", ""detail"": ""The server refused the connection."", ""recommendation"": ""Verify hosting/DNS is active; migrate to reliable hosting.""}], ""flaw_count"": 1, ""primary_flaw"": ""Website is unreachable or down""}",https://demo-site-beige-eight.vercel.app/?biz=Quality+Inn+%26+Suites+Orlando+Airport&city=Orlando&cat=tourism%3Dhotel&phone=%2B1-407-641-1284&report=eyJzY29yZSI6IDAsICJncmFkZSI6ICJGIiwgImlzc3VlcyI6IFsiV2Vic2l0ZSBpcyB1bnJlYWNoYWJsZSBvciBkb3duIl19
549089335,way,Hilton Orlando,+1 407 313 4300,,https://www.hilton.com/en/hotels/orlochh-hilton-orlando/,Destination Parkway,Orlando,Florida,32819,tourism=hotel,28.4248465,-81.4581905,website_upgrade,protected_asset,0,70,C,"{""score"": 70, ""grade"": ""C"", ""is_protected"": true, ""error"": null, ""checks"": [], ""flaw_count"": 0, ""primary_flaw"": ""protected_asset""}",https://demo-site-beige-eight.vercel.app/?biz=Hilton+Orlando&city=Orlando&cat=tourism%3Dhotel&phone=%2B1+407+313+4300&report=eyJzY29yZSI6IDcwLCAiZ3JhZGUiOiAiQyIsICJpc3N1ZXMiOiBbXX0%3D
552306602,way,Courtyard Orlando South/John Young Parkway,+1 407-351-2661,,https://www.marriott.com/mcoyc,Taft Vineland Road,Orlando,Florida,32837,tourism=hotel,28.4149506,-81.4253937,website_upgrade,protected_asset,0,70,C,"{""score"": 70, ""grade"": ""C"", ""is_protected"": true, ""error"": null, ""checks"": [], ""flaw_count"": 0, ""primary_flaw"": ""protected_asset""}",https://demo-site-beige-eight.vercel.app/?biz=Courtyard+Orlando+South%2FJohn+Young+Parkway&city=Orlando&cat=tourism%3Dhotel&phone=%2B1+407-351-2661&report=eyJzY29yZSI6IDcwLCAiZ3JhZGUiOiAiQyIsICJpc3N1ZXMiOiBbXX0%3D
556611377,way,Residence Inn Orlando Downtown,+1 407-482-1500,,https://www.marriott.com/mcozd,North Orange Avenue,Orlando,Florida,32801,tourism=hotel,28.5527168,-81.3796721,website_upgrade,protected_asset,0,70,C,"{""score"": 70, ""grade"": ""C"", ""is_protected"": true, ""error"": null, ""checks"": [], ""flaw_count"": 0, ""primary_flaw"": ""protected_asset""}",https://demo-site-beige-eight.vercel.app/?biz=Residence+Inn+Orlando+Downtown&city=Orlando&cat=tourism%3Dhotel&phone=%2B1+407-482-1500&report=eyJzY29yZSI6IDcwLCAiZ3JhZGUiOiAiQyIsICJpc3N1ZXMiOiBbXX0%3D
569545250,way,Hyatt Place Orlando Airport,+1 407-816-7800,,https://www.hyatt.com/en-us/hotel/florida/hyatt-place-orlando-airport/orlza,Forbes Place,Orlando,Florida,32812,tourism=hotel,28.4610794,-81.3137977,website_upgrade,protected_asset,0,70,C,"{""score"": 70, ""grade"": ""C"", ""is_protected"": true, ""error"": null, ""checks"": [], ""flaw_count"": 0, ""primary_flaw"": ""protected_asset""}",https://demo-site-beige-eight.vercel.app/?biz=Hyatt+Place+Orlando+Airport&city=Orlando&cat=tourism%3Dhotel&phone=%2B1+407-816-7800&report=eyJzY29yZSI6IDcwLCAiZ3JhZGUiOiAiQyIsICJpc3N1ZXMiOiBbXX0%3D
582380227,way,InTown Suites Extended Stay,,,https://www.intownsuites.com/extended-stay-hotels/florida/orlando/presidents-dr/,Presidents Drive,Orlando,Florida,32809,tourism=hotel,28.4496664,-81.4178482,website_upgrade,,0,100,A,"{""score"": 100, ""grade"": ""A"", ""is_protected"": false, ""error"": null, ""checks"": [{""id"": ""ssl"", ""title"": ""Valid HTTPS"", ""status"": ""pass"", ""detail"": ""Site is served securely over HTTPS."", ""recommendation"": """"}, {""id"": ""speed"", ""title"": ""Fast server response"", ""status"": ""pass"", ""detail"": ""Time-to-first-byte was 1.05s."", ""recommendation"": """"}, {""id"": ""mobile"", ""title"": ""Mobile responsive"", ""status"": ""pass"", ""detail"": ""Viewport meta tag is present."", ""recommendation"": """"}, {""id"": ""seo_title"", ""title"": ""Page title present"", ""status"": ""pass"", ""detail"": ""Title: \""Presidents Drive | Extended Stay Orlando | InTown Suites\"""", ""recommendation"": """"}, {""id"": ""seo_meta"", ""title"": ""Meta description present"", ""status"": ""pass"", ""detail"": ""Search snippet is controlled, not auto-generated."", ""recommendation"": """"}, {""id"": ""seo_h1"", ""title"": ""Primary heading (H1) present"", ""status"": ""pass"", ""detail"": ""Clear page hierarchy for SEO."", ""recommendation"": """"}, {""id"": ""favicon"", ""title"": ""Favicon present"", ""status"": ""pass"", ""detail"": ""Browser tab branding is set."", ""recommendation"": """"}, {""id"": ""social_tags"", ""title"": ""Social share tags present"", ""status"": ""pass"", ""detail"": ""Links preview correctly on social/chat apps."", ""recommendation"": """"}], ""flaw_count"": 0, ""primary_flaw"": """"}",https://demo-site-beige-eight.vercel.app/?biz=InTown+Suites+Extended+Stay&city=Orlando&cat=tourism%3Dhotel&phone=&report=eyJzY29yZSI6IDEwMCwgImdyYWRlIjogIkEiLCAiaXNzdWVzIjogW119
647601770,way,Comfort Suites Downtown,+1 407-641-1280,,https://www.choicehotels.com/florida/sanford/comfort-inn-hotels,North Orange Avenue,Orlando,Florida,32804,tourism=hotel,28.5738416,-81.3734814,website_upgrade,Website is unreachable or down,1,0,F,"{""score"": 0, ""grade"": ""F"", ""is_protected"": false, ""error"": ""Connection Failed"", ""checks"": [{""id"": ""uptime"", ""title"": ""Website is unreachable or down"", ""status"": ""fail"", ""detail"": ""The server refused the connection."", ""recommendation"": ""Verify hosting/DNS is active; migrate to reliable hosting.""}], ""flaw_count"": 1, ""primary_flaw"": ""Website is unreachable or down""}",https://demo-site-beige-eight.vercel.app/?biz=Comfort+Suites+Downtown&city=Orlando&cat=tourism%3Dhotel&phone=%2B1+407-641-1280&report=eyJzY29yZSI6IDAsICJncmFkZSI6ICJGIiwgImlzc3VlcyI6IFsiV2Vic2l0ZSBpcyB1bnJlYWNoYWJsZSBvciBkb3duIl19
655984459,way,Comfort Suites Orlando Airport,+1 407-812-9100,,https://www.choicehotels.com/florida/orlando/rodeway-inn-hotels,McCoy Road,Orlando,Florida,32809,tourism=hotel,28.4504154,-81.3535038,website_upgrade,Website is unreachable or down,1,0,F,"{""score"": 0, ""grade"": ""F"", ""is_protected"": false, ""error"": ""Connection Failed"", ""checks"": [{""id"": ""uptime"", ""title"": ""Website is unreachable or down"", ""status"": ""fail"", ""detail"": ""The server refused the connection."", ""recommendation"": ""Verify hosting/DNS is active; migrate to reliable hosting.""}], ""flaw_count"": 1, ""primary_flaw"": ""Website is unreachable or down""}",https://demo-site-beige-eight.vercel.app/?biz=Comfort+Suites+Orlando+Airport&city=Orlando&cat=tourism%3Dhotel&phone=%2B1+407-812-9100&report=eyJzY29yZSI6IDAsICJncmFkZSI6ICJGIiwgImlzc3VlcyI6IFsiV2Vic2l0ZSBpcyB1bnJlYWNoYWJsZSBvciBkb3duIl19
655984492,way,Sonesta Essential Orlando Airport,+1-407-581-2800,,https://www.sonesta.com/sonesta-essential/fl/orlando/sonesta-essential-orlando,Aircenter Court,Orlando,Florida,32809,tourism=hotel,28.45058,-81.3563226,website_upgrade,Missing social preview tags,1,90,A,"{""score"": 90, ""grade"": ""A"", ""is_protected"": false, ""error"": null, ""checks"": [{""id"": ""ssl"", ""title"": ""Valid HTTPS"", ""status"": ""pass"", ""detail"": ""Site is served securely over HTTPS."", ""recommendation"": """"}, {""id"": ""speed"", ""title"": ""Fast server response"", ""status"": ""pass"", ""detail"": ""Time-to-first-byte was 1.04s."", ""recommendation"": """"}, {""id"": ""mobile"", ""title"": ""Mobile responsive"", ""status"": ""pass"", ""detail"": ""Viewport meta tag is present."", ""recommendation"": """"}, {""id"": ""seo_title"", ""title"": ""Page title present"", ""status"": ""pass"", ""detail"": ""Title: \""Sonesta Essential Orlando Airport - Book Direct for Best Rat\"""", ""recommendation"": """"}, {""id"": ""seo_meta"", ""title"": ""Meta description present"", ""status"": ""pass"", ""detail"": ""Search snippet is controlled, not auto-generated."", ""recommendation"": """"}, {""id"": ""seo_h1"", ""title"": ""Primary heading (H1) present"", ""status"": ""pass"", ""detail"": ""Clear page hierarchy for SEO."", ""recommendation"": """"}, {""id"": ""favicon"", ""title"": ""Favicon present"", ""status"": ""pass"", ""detail"": ""Browser tab branding is set."", ""recommendation"": """"}, {""id"": ""social_tags"", ""title"": ""Missing social preview tags"", ""status"": ""fail"", ""detail"": ""No Open Graph tags \u2014 shared links show a blank/ugly preview."", ""recommendation"": ""Add og:title, og:description and og:image meta tags.""}], ""flaw_count"": 1, ""primary_flaw"": ""Missing social preview tags""}",https://demo-site-beige-eight.vercel.app/?biz=Sonesta+Essential+Orlando+Airport&city=Orlando&cat=tourism%3Dhotel&phone=%2B1-407-581-2800&report=eyJzY29yZSI6IDkwLCAiZ3JhZGUiOiAiQSIsICJpc3N1ZXMiOiBbIk1pc3Npbmcgc29jaWFsIHByZXZpZXcgdGFncyJdfQ%3D%3D
655984500,way,Sleep Inn & Suites Orlando International Airport,+1 407-329-4411,,https://www.choicehotels.com/florida/orlando/rodeway-inn-hotels,McCoy Road,Orlando,Florida,,tourism=hotel,28.4505042,-81.3577565,website_upgrade,Website is unreachable or down,1,0,F,"{""score"": 0, ""grade"": ""F"", ""is_protected"": false, ""error"": ""Connection Failed"", ""checks"": [{""id"": ""uptime"", ""title"": ""Website is unreachable or down"", ""status"": ""fail"", ""detail"": ""The server refused the connection."", ""recommendation"": ""Verify hosting/DNS is active; migrate to reliable hosting.""}], ""flaw_count"": 1, ""primary_flaw"": ""Website is unreachable or down""}",https://demo-site-beige-eight.vercel.app/?biz=Sleep+Inn+%26+Suites+Orlando+International+Airport&city=Orlando&cat=tourism%3Dhotel&phone=%2B1+407-329-4411&report=eyJzY29yZSI6IDAsICJncmFkZSI6ICJGIiwgImlzc3VlcyI6IFsiV2Vic2l0ZSBpcyB1bnJlYWNoYWJsZSBvciBkb3duIl19
688925781,way,Universal's Endless Summer Resort – Dockside Inn & Suites,,,https://www.universalorlando.com/web/en/us/places-to-stay/universals-endless-summer-resort-dockside-inn-and-suites,,City Not Listed,Florida,,tourism=hotel,28.4599835,-81.4620564,website_upgrade,Sluggish load time (1.2s),2,75,B,"{""score"": 75, ""grade"": ""B"", ""is_protected"": false, ""error"": null, ""checks"": [{""id"": ""ssl"", ""title"": ""Valid HTTPS"", ""status"": ""pass"", ""detail"": ""Site is served securely over HTTPS."", ""recommendation"": """"}, {""id"": ""speed"", ""title"": ""Sluggish load time (1.2s)"", ""status"": ""fail"", ""detail"": ""Server response is slower than the ~1s users expect."", ""recommendation"": ""Enable caching/CDN and compress assets to cut response time.""}, {""id"": ""mobile"", ""title"": ""Mobile responsive"", ""status"": ""pass"", ""detail"": ""Viewport meta tag is present."", ""recommendation"": """"}, {""id"": ""seo_title"", ""title"": ""Page title present"", ""status"": ""pass"", ""detail"": ""Title: \""Universal Orlando\"""", ""recommendation"": """"}, {""id"": ""seo_meta"", ""title"": ""Meta description present"", ""status"": ""pass"", ""detail"": ""Search snippet is controlled, not auto-generated."", ""recommendation"": """"}, {""id"": ""seo_h1"", ""title"": ""Missing primary heading (H1)"", ""status"": ""fail"", ""detail"": ""No H1 \u2014 search engines can't tell what the page is about."", ""recommendation"": ""Add one clear, keyword-relevant H1 per page.""}, {""id"": ""favicon"", ""title"": ""Favicon present"", ""status"": ""pass"", ""detail"": ""Browser tab branding is set."", ""recommendation"": """"}, {""id"": ""social_tags"", ""title"": ""Social share tags present"", ""status"": ""pass"", ""detail"": ""Links preview correctly on social/chat apps."", ""recommendation"": """"}], ""flaw_count"": 2, ""primary_flaw"": ""Sluggish load time (1.2s)""}",https://demo-site-beige-eight.vercel.app/?biz=Universal%27s+Endless+Summer+Resort+%E2%80%93+Dockside+Inn+%26+Suites&city=City+Not+Listed&cat=tourism%3Dhotel&phone=&report=eyJzY29yZSI6IDc1LCAiZ3JhZGUiOiAiQiIsICJpc3N1ZXMiOiBbIlNsdWdnaXNoIGxvYWQgdGltZSAoMS4ycykiLCAiTWlzc2luZyBwcmltYXJ5IGhlYWRpbmcgKEgxKSJdfQ%3D%3D
696778608,way,Home2 Suites By Hilton Orlando Near Universal,+1 407-519-3151,,https://www.hilton.com/en/hotels/orlusht-home2-suites-orlando-near-universal/,American Way,Orlando,Florida,32819,tourism=hotel,28.4640498,-81.4620661,website_upgrade,protected_asset,0,70,C,"{""score"": 70, ""grade"": ""C"", ""is_protected"": true, ""error"": null, ""checks"": [], ""flaw_count"": 0, ""primary_flaw"": ""protected_asset""}",https://demo-site-beige-eight.vercel.app/?biz=Home2+Suites+By+Hilton+Orlando+Near+Universal&city=Orlando&cat=tourism%3Dhotel&phone=%2B1+407-519-3151&report=eyJzY29yZSI6IDcwLCAiZ3JhZGUiOiAiQyIsICJpc3N1ZXMiOiBbXX0%3D
727113604,way,DoubleTree by Hilton Hotel at the Entrance to Universal Orlando,+1 407-351-1000,,https://www.hilton.com/en/hotels/mcoundt-doubletree-at-the-entrance-to-universal-orlando/,Major Boulevard,Orlando,Florida,32819-7827,tourism=hotel,28.4793324,-81.4570583,website_upgrade,protected_asset,0,70,C,"{""score"": 70, ""grade"": ""C"", ""is_protected"": true, ""error"": null, ""checks"": [], ""flaw_count"": 0, ""primary_flaw"": ""protected_asset""}",https://demo-site-beige-eight.vercel.app/?biz=DoubleTree+by+Hilton+Hotel+at+the+Entrance+to+Universal+Orlando&city=Orlando&cat=tourism%3Dhotel&phone=%2B1+407-351-1000&report=eyJzY29yZSI6IDcwLCAiZ3JhZGUiOiAiQyIsICJpc3N1ZXMiOiBbXX0%3D
727113628,way,Residence Inn Near Universal Orlando,+1 407-313-1234,,https://www.marriott.com/hotels/travel/mcotw-residence-inn-near-universal-orlando/,Major Boulevard,Orlando,Florida,32819,tourism=hotel,28.4805632,-81.4554804,website_upgrade,protected_asset,0,70,C,"{""score"": 70, ""grade"": ""C"", ""is_protected"": true, ""error"": null, ""checks"": [], ""flaw_count"": 0, ""primary_flaw"": ""protected_asset""}",https://demo-site-beige-eight.vercel.app/?biz=Residence+Inn+Near+Universal+Orlando&city=Orlando&cat=tourism%3Dhotel&phone=%2B1+407-313-1234&report=eyJzY29yZSI6IDcwLCAiZ3JhZGUiOiAiQyIsICJpc3N1ZXMiOiBbXX0%3D
754062775,way,SpringHill Suites Orlando at Millenia,+1 407-352-2500,,https://www.marriott.com/hotels/travel/mcoys-springhill-suites-orlando-at-millenia/,Millenia Lakes Boulevard,Orlando,Florida,32839,tourism=hotel,28.4843766,-81.4346838,website_upgrade,protected_asset,0,70,C,"{""score"": 70, ""grade"": ""C"", ""is_protected"": true, ""error"": null, ""checks"": [], ""flaw_count"": 0, ""primary_flaw"": ""protected_asset""}",https://demo-site-beige-eight.vercel.app/?biz=SpringHill+Suites+Orlando+at+Millenia&city=Orlando&cat=tourism%3Dhotel&phone=%2B1+407-352-2500&report=eyJzY29yZSI6IDcwLCAiZ3JhZGUiOiAiQyIsICJpc3N1ZXMiOiBbXX0%3D
780879515,way,Element Orlando Universal Blvd.,+1-407-352-2225,,https://www.marriott.com/en-us/hotels/mcoeo-element-orlando-universal-blvd/,Universal Boulevard,Orlando,Florida,32819-9363,tourism=hotel,28.4448616,-81.4674578,website_upgrade,protected_asset,0,70,C,"{""score"": 70, ""grade"": ""C"", ""is_protected"": true, ""error"": null, ""checks"": [], ""flaw_count"": 0, ""primary_flaw"": ""protected_asset""}",https://demo-site-beige-eight.vercel.app/?biz=Element+Orlando+Universal+Blvd.&city=Orlando&cat=tourism%3Dhotel&phone=%2B1-407-352-2225&report=eyJzY29yZSI6IDcwLCAiZ3JhZGUiOiAiQyIsICJpc3N1ZXMiOiBbXX0%3D
826613186,way,Days Inn,+1 407-961-7108,,https://www.wyndhamhotels.com/days-inn/fern-park-florida/days-inn-n-orlando-casselberry/overview,,Fern Park,Florida,32730,tourism=hotel,28.6500805,-81.349511,website_upgrade,Missing social preview tags,1,90,A,"{""score"": 90, ""grade"": ""A"", ""is_protected"": false, ""error"": null, ""checks"": [{""id"": ""ssl"", ""title"": ""Valid HTTPS"", ""status"": ""pass"", ""detail"": ""Site is served securely over HTTPS."", ""recommendation"": """"}, {""id"": ""speed"", ""title"": ""Fast server response"", ""status"": ""pass"", ""detail"": ""Time-to-first-byte was 0.30s."", ""recommendation"": """"}, {""id"": ""mobile"", ""title"": ""Mobile responsive"", ""status"": ""pass"", ""detail"": ""Viewport meta tag is present."", ""recommendation"": """"}, {""id"": ""seo_title"", ""title"": ""Page title present"", ""status"": ""pass"", ""detail"": ""Title: \""Days Inn by Wyndham N Orlando/Casselberry | Fern Park, FL Ho\"""", ""recommendation"": """"}, {""id"": ""seo_meta"", ""title"": ""Meta description present"", ""status"": ""pass"", ""detail"": ""Search snippet is controlled, not auto-generated."", ""recommendation"": """"}, {""id"": ""seo_h1"", ""title"": ""Primary heading (H1) present"", ""status"": ""pass"", ""detail"": ""Clear page hierarchy for SEO."", ""recommendation"": """"}, {""id"": ""favicon"", ""title"": ""Favicon present"", ""status"": ""pass"", ""detail"": ""Browser tab branding is set."", ""recommendation"": """"}, {""id"": ""social_tags"", ""title"": ""Missing social preview tags"", ""status"": ""fail"", ""detail"": ""No Open Graph tags \u2014 shared links show a blank/ugly preview."", ""recommendation"": ""Add og:title, og:description and og:image meta tags.""}], ""flaw_count"": 1, ""primary_flaw"": ""Missing social preview tags""}",https://demo-site-beige-eight.vercel.app/?biz=Days+Inn&city=Fern+Park&cat=tourism%3Dhotel&phone=%2B1+407-961-7108&report=eyJzY29yZSI6IDkwLCAiZ3JhZGUiOiAiQSIsICJpc3N1ZXMiOiBbIk1pc3Npbmcgc29jaWFsIHByZXZpZXcgdGFncyJdfQ%3D%3D
832742174,way,Courtyard Orlando Altamonte Springs/Maitland,+1 407-659-9100,,https://www.marriott.com/mcoll,Pembrook Drive,Orlando,Florida,32810,tourism=hotel,28.6314545,-81.400834,website_upgrade,protected_asset,0,70,C,"{""score"": 70, ""grade"": ""C"", ""is_protected"": true, ""error"": null, ""checks"": [], ""flaw_count"": 0, ""primary_flaw"": ""protected_asset""}",https://demo-site-beige-eight.vercel.app/?biz=Courtyard+Orlando+Altamonte+Springs%2FMaitland&city=Orlando&cat=tourism%3Dhotel&phone=%2B1+407-659-9100&report=eyJzY29yZSI6IDcwLCAiZ3JhZGUiOiAiQyIsICJpc3N1ZXMiOiBbXX0%3D
837479410,way,Home2 Suites by Hilton Orlando Airport,+1 407-852-0844,,https://www.hilton.com/en/hotels/orlapht-home2-suites-orlando-airport/,Hazeltine National Drive,Orlando,Florida,32812,tourism=hotel,28.4639478,-81.3149187,website_upgrade,protected_asset,0,70,C,"{""score"": 70, ""grade"": ""C"", ""is_protected"": true, ""error"": null, ""checks"": [], ""flaw_count"": 0, ""primary_flaw"": ""protected_asset""}",https://demo-site-beige-eight.vercel.app/?biz=Home2+Suites+by+Hilton+Orlando+Airport&city=Orlando&cat=tourism%3Dhotel&phone=%2B1+407-852-0844&report=eyJzY29yZSI6IDcwLCAiZ3JhZGUiOiAiQyIsICJpc3N1ZXMiOiBbXX0%3D
844879415,way,Home2 Suites by Hilton Orlando South Park,+1 407-355-9222,,https://www.hilton.com/en/hotels/orljoht-home2-suites-orlando-south-park/,Destination Parkway,Orlando,Florida,32819,tourism=hotel,28.4374993,-81.427459,website_upgrade,protected_asset,0,70,C,"{""score"": 70, ""grade"": ""C"", ""is_protected"": true, ""error"": null, ""checks"": [], ""flaw_count"": 0, ""primary_flaw"": ""protected_asset""}",https://demo-site-beige-eight.vercel.app/?biz=Home2+Suites+by+Hilton+Orlando+South+Park&city=Orlando&cat=tourism%3Dhotel&phone=%2B1+407-355-9222&report=eyJzY29yZSI6IDcwLCAiZ3JhZGUiOiAiQyIsICJpc3N1ZXMiOiBbXX0%3D
871558960,way,Hyatt House,+1 407-352-5660,,https://www.hyatt.com/en-us/hotel/florida/hyatt-house-across-from-universal-orlando-resort/mcoxu,Caravan Court,Orlando,Florida,32819,tourism=hotel,28.4751676,-81.4576112,website_upgrade,protected_asset,0,70,C,"{""score"": 70, ""grade"": ""C"", ""is_protected"": true, ""error"": null, ""checks"": [], ""flaw_count"": 0, ""primary_flaw"": ""protected_asset""}",https://demo-site-beige-eight.vercel.app/?biz=Hyatt+House&city=Orlando&cat=tourism%3Dhotel&phone=%2B1+407-352-5660&report=eyJzY29yZSI6IDcwLCAiZ3JhZGUiOiAiQyIsICJpc3N1ZXMiOiBbXX0%3D
886047977,way,Residence Inn Orlando Altamonte Springs/Maitland,+1 407-788-7991,,https://www.marriott.com/mcoat,Douglas Avenue,Altamonte Springs,Florida,32714,tourism=hotel,28.664539,-81.3921355,website_upgrade,protected_asset,0,70,C,"{""score"": 70, ""grade"": ""C"", ""is_protected"": true, ""error"": null, ""checks"": [], ""flaw_count"": 0, ""primary_flaw"": ""protected_asset""}",https://demo-site-beige-eight.vercel.app/?biz=Residence+Inn+Orlando+Altamonte+Springs%2FMaitland&city=Altamonte+Springs&cat=tourism%3Dhotel&phone=%2B1+407-788-7991&report=eyJzY29yZSI6IDcwLCAiZ3JhZGUiOiAiQyIsICJpc3N1ZXMiOiBbXX0%3D
888459297,way,TownePlace Suites Orlando Airport,+1 407-652-5210,,https://www.marriott.com/mcota,Butler National Drive,Orlando,Florida,32812,tourism=hotel,28.4655136,-81.3118611,website_upgrade,protected_asset,0,70,C,"{""score"": 70, ""grade"": ""C"", ""is_protected"": true, ""error"": null, ""checks"": [], ""flaw_count"": 0, ""primary_flaw"": ""protected_asset""}",https://demo-site-beige-eight.vercel.app/?biz=TownePlace+Suites+Orlando+Airport&city=Orlando&cat=tourism%3Dhotel&phone=%2B1+407-652-5210&report=eyJzY29yZSI6IDcwLCAiZ3JhZGUiOiAiQyIsICJpc3N1ZXMiOiBbXX0%3D
888460114,way,TownePlace Suites Orlando Downtown,+1 407-601-5100,,https://www.marriott.com/mcoto,Columbia Street,Orlando,Florida,32806,tourism=hotel,28.5283234,-81.3787812,website_upgrade,protected_asset,0,70,C,"{""score"": 70, ""grade"": ""C"", ""is_protected"": true, ""error"": null, ""checks"": [], ""flaw_count"": 0, ""primary_flaw"": ""protected_asset""}",https://demo-site-beige-eight.vercel.app/?biz=TownePlace+Suites+Orlando+Downtown&city=Orlando&cat=tourism%3Dhotel&phone=%2B1+407-601-5100&report=eyJzY29yZSI6IDcwLCAiZ3JhZGUiOiAiQyIsICJpc3N1ZXMiOiBbXX0%3D
888460115,way,TownePlace Suites,+1 689-208-1555,,https://www.marriott.com/hotels/travel/mcote-towneplace-suites-orlando-southwest-near-universal/,Altamira Drive,Orlando,Florida,32819,tourism=hotel,28.4698145,-81.4521836,website_upgrade,protected_asset,0,70,C,"{""score"": 70, ""grade"": ""C"", ""is_protected"": true, ""error"": null, ""checks"": [], ""flaw_count"": 0, ""primary_flaw"": ""protected_asset""}",https://demo-site-beige-eight.vercel.app/?biz=TownePlace+Suites&city=Orlando&cat=tourism%3Dhotel&phone=%2B1+689-208-1555&report=eyJzY29yZSI6IDcwLCAiZ3JhZGUiOiAiQyIsICJpc3N1ZXMiOiBbXX0%3D
908961860,way,Holiday Inn Express & Suites Orlando International Airport,+1-407-581-7900,hiexpressairport@gmail.com,,Conway Road,Orlando,Florida,32812,tourism=hotel,28.4527737,-81.3343348,no_website,,0,,,,https://demo-site-beige-eight.vercel.app/?biz=Holiday+Inn+Express+%26+Suites+Orlando+International+Airport&city=Orlando&cat=tourism%3Dhotel&phone=%2B1-407-581-7900
916292533,way,Hyatt Regency Orlando International Airport,+1 407-825-1234,,https://www.hyatt.com/hyatt-regency/en-us/orlan-hyatt-regency-orlando-international-airport,Jeff Fuqua Boulevard,Orlando,Florida,32827,tourism=hotel,28.4311859,-81.30628,website_upgrade,protected_asset,0,70,C,"{""score"": 70, ""grade"": ""C"", ""is_protected"": true, ""error"": null, ""checks"": [], ""flaw_count"": 0, ""primary_flaw"": ""protected_asset""}",https://demo-site-beige-eight.vercel.app/?biz=Hyatt+Regency+Orlando+International+Airport&city=Orlando&cat=tourism%3Dhotel&phone=%2B1+407-825-1234&report=eyJzY29yZSI6IDcwLCAiZ3JhZGUiOiAiQyIsICJpc3N1ZXMiOiBbXX0%3D
917801036,way,Hampton Inn & Suites Orlando / Downtown South - Medical Center,+1 407-270-6460,,https://www.hilton.com/en/hotels/mcosmhx-hampton-suites-orlando-downtown-south-medical-center/,Columbia Street,Orlando,Florida,32806,tourism=hotel,28.5283832,-81.3783096,website_upgrade,protected_asset,0,70,C,"{""score"": 70, ""grade"": ""C"", ""is_protected"": true, ""error"": null, ""checks"": [], ""flaw_count"": 0, ""primary_flaw"": ""protected_asset""}",https://demo-site-beige-eight.vercel.app/?biz=Hampton+Inn+%26+Suites+Orlando+%2F+Downtown+South+-+Medical+Center&city=Orlando&cat=tourism%3Dhotel&phone=%2B1+407-270-6460&report=eyJzY29yZSI6IDcwLCAiZ3JhZGUiOiAiQyIsICJpc3N1ZXMiOiBbXX0%3D
919024018,way,"Castle Hotel, Autograph Collection",+1-407-345-1511,,https://www.marriott.com/en-us/hotels/mcoca-castle-hotel-autograph-collection/overview/,Universal Boulevard,Orlando,Florida,32819,tourism=hotel,28.4402036,-81.4691919,website_upgrade,protected_asset,0,70,C,"{""score"": 70, ""grade"": ""C"", ""is_protected"": true, ""error"": null, ""checks"": [], ""flaw_count"": 0, ""primary_flaw"": ""protected_asset""}",https://demo-site-beige-eight.vercel.app/?biz=Castle+Hotel%2C+Autograph+Collection&city=Orlando&cat=tourism%3Dhotel&phone=%2B1-407-345-1511&report=eyJzY29yZSI6IDcwLCAiZ3JhZGUiOiAiQyIsICJpc3N1ZXMiOiBbXX0%3D
919131269,way,Courtyard Orlando Downtown,+1 407-996-1000,,https://www.marriott.com/mcoma,North Magnolia Avenue,Orlando,Florida,32803,tourism=hotel,28.5542695,-81.3774387,website_upgrade,protected_asset,0,70,C,"{""score"": 70, ""grade"": ""C"", ""is_protected"": true, ""error"": null, ""checks"": [], ""flaw_count"": 0, ""primary_flaw"": ""protected_asset""}",https://demo-site-beige-eight.vercel.app/?biz=Courtyard+Orlando+Downtown&city=Orlando&cat=tourism%3Dhotel&phone=%2B1+407-996-1000&report=eyJzY29yZSI6IDcwLCAiZ3JhZGUiOiAiQyIsICJpc3N1ZXMiOiBbXX0%3D
919134434,way,Courtyard Orlando International Drive/Convention Center,+1 407-351-2244,,https://www.marriott.com/mcooi,Austrian Court,Orlando,Florida,32819,tourism=hotel,28.4413507,-81.4731199,website_upgrade,protected_asset,0,70,C,"{""score"": 70, ""grade"": ""C"", ""is_protected"": true, ""error"": null, ""checks"": [], ""flaw_count"": 0, ""primary_flaw"": ""protected_asset""}",https://demo-site-beige-eight.vercel.app/?biz=Courtyard+Orlando+International+Drive%2FConvention+Center&city=Orlando&cat=tourism%3Dhotel&phone=%2B1+407-351-2244&report=eyJzY29yZSI6IDcwLCAiZ3JhZGUiOiAiQyIsICJpc3N1ZXMiOiBbXX0%3D
919142857,way,SpringHill Suites Orlando Convention Center/International Drive Area,+1 407-345-9073,,https://www.marriott.com/mcosc,Universal Boulevard,Orlando,Florida,32819,tourism=hotel,28.4371859,-81.4688436,website_upgrade,protected_asset,0,70,C,"{""score"": 70, ""grade"": ""C"", ""is_protected"": true, ""error"": null, ""checks"": [], ""flaw_count"": 0, ""primary_flaw"": ""protected_asset""}",https://demo-site-beige-eight.vercel.app/?biz=SpringHill+Suites+Orlando+Convention+Center%2FInternational+Drive+Area&city=Orlando&cat=tourism%3Dhotel&phone=%2B1+407-345-9073&report=eyJzY29yZSI6IDcwLCAiZ3JhZGUiOiAiQyIsICJpc3N1ZXMiOiBbXX0%3D
920651358,way,avid hotels Orlando International Airport,+1-407-640-7460,,,Conway Road,Orlando,Florida,32812,tourism=hotel,28.4527727,-81.3338823,no_website,,0,,,,https://demo-site-beige-eight.vercel.app/?biz=avid+hotels+Orlando+International+Airport&city=Orlando&cat=tourism%3Dhotel&phone=%2B1-407-640-7460
920653577,way,Holiday Inn Express & Suites Orlando - International Drive,+1-407-535-4100,frontdesk@gpmhospitality.com,,International Drive,Orlando,Florida,32819,tourism=hotel,28.4556448,-81.473327,no_website,,0,,,,https://demo-site-beige-eight.vercel.app/?biz=Holiday+Inn+Express+%26+Suites+Orlando+-+International+Drive&city=Orlando&cat=tourism%3Dhotel&phone=%2B1-407-535-4100
920655437,way,Holiday Inn,+1-407-345-0505,holidayinnidrive@gmail.com,https://www.ihg.com/holidayinn/hotels/us/en/orlando/mcojc/hoteldetail,Jamaican Court,Orlando,Florida,32819,tourism=hotel,28.4436506,-81.4725352,website_upgrade,protected_asset,0,70,C,"{""score"": 70, ""grade"": ""C"", ""is_protected"": true, ""error"": null, ""checks"": [], ""flaw_count"": 0, ""primary_flaw"": ""protected_asset""}",https://demo-site-beige-eight.vercel.app/?biz=Holiday+Inn&city=Orlando&cat=tourism%3Dhotel&phone=%2B1-407-345-0505&report=eyJzY29yZSI6IDcwLCAiZ3JhZGUiOiAiQyIsICJpc3N1ZXMiOiBbXX0%3D
920662184,way,Holiday Inn Express - Orlando - South Park,+1-407-640-7500,ihgsouthpark@gmail.com,,Destination Parkway,Orlando,Florida,32819,tourism=hotel,28.4371756,-81.428343,no_website,,0,,,,https://demo-site-beige-eight.vercel.app/?biz=Holiday+Inn+Express+-+Orlando+-+South+Park&city=Orlando&cat=tourism%3Dhotel&phone=%2B1-407-640-7500
936265146,way,Best Western Orlando West,+1 407-841-8600,,https://www.bestwestern.com/en_US/book/hotels-in-orlando/best-western-orlando-west/propertyCode.10255.html,West Colonial Drive,Orlando,Florida,32804,tourism=hotel,28.5522561,-81.4065575,website_upgrade,protected_asset,0,70,C,"{""score"": 70, ""grade"": ""C"", ""is_protected"": true, ""error"": null, ""checks"": [], ""flaw_count"": 0, ""primary_flaw"": ""protected_asset""}",https://demo-site-beige-eight.vercel.app/?biz=Best+Western+Orlando+West&city=Orlando&cat=tourism%3Dhotel&phone=%2B1+407-841-8600&report=eyJzY29yZSI6IDcwLCAiZ3JhZGUiOiAiQyIsICJpc3N1ZXMiOiBbXX0%3D
936269000,way,La Quinta Inn Orlando Airport West,+1 407-857-9215,,https://www.wyndhamhotels.com/laquinta/orlando-florida/la-quinta-inn-orlando-airport-west/overview,Daetwyler Drive,Orlando,Florida,32812,tourism=hotel,28.4521708,-81.3381111,website_upgrade,Missing social preview tags,1,90,A,"{""score"": 90, ""grade"": ""A"", ""is_protected"": false, ""error"": null, ""checks"": [{""id"": ""ssl"", ""title"": ""Valid HTTPS"", ""status"": ""pass"", ""detail"": ""Site is served securely over HTTPS."", ""recommendation"": """"}, {""id"": ""speed"", ""title"": ""Fast server response"", ""status"": ""pass"", ""detail"": ""Time-to-first-byte was 0.42s."", ""recommendation"": """"}, {""id"": ""mobile"", ""title"": ""Mobile responsive"", ""status"": ""pass"", ""detail"": ""Viewport meta tag is present."", ""recommendation"": """"}, {""id"": ""seo_title"", ""title"": ""Page title present"", ""status"": ""pass"", ""detail"": ""Title: \""La Quinta Inn by Wyndham Orlando Airport West | Orlando, FL \"""", ""recommendation"": """"}, {""id"": ""seo_meta"", ""title"": ""Meta description present"", ""status"": ""pass"", ""detail"": ""Search snippet is controlled, not auto-generated."", ""recommendation"": """"}, {""id"": ""seo_h1"", ""title"": ""Primary heading (H1) present"", ""status"": ""pass"", ""detail"": ""Clear page hierarchy for SEO."", ""recommendation"": """"}, {""id"": ""favicon"", ""title"": ""Favicon present"", ""status"": ""pass"", ""detail"": ""Browser tab branding is set."", ""recommendation"": """"}, {""id"": ""social_tags"", ""title"": ""Missing social preview tags"", ""status"": ""fail"", ""detail"": ""No Open Graph tags \u2014 shared links show a blank/ugly preview."", ""recommendation"": ""Add og:title, og:description and og:image meta tags.""}], ""flaw_count"": 1, ""primary_flaw"": ""Missing social preview tags""}",https://demo-site-beige-eight.vercel.app/?biz=La+Quinta+Inn+Orlando+Airport+West&city=Orlando&cat=tourism%3Dhotel&phone=%2B1+407-857-9215&report=eyJzY29yZSI6IDkwLCAiZ3JhZGUiOiAiQSIsICJpc3N1ZXMiOiBbIk1pc3Npbmcgc29jaWFsIHByZXZpZXcgdGFncyJdfQ%3D%3D
936320163,way,Best Western Orlando East Inn & Suites,+1 407-282-3900,,https://www.bestwestern.com/en_US/book/hotels-in-orlando/best-western-orlando-east-inn-suites/propertyCode.10346.html,East Colonial Drive,Orlando,Florida,32817,tourism=hotel,28.5675109,-81.2679488,website_upgrade,protected_asset,0,70,C,"{""score"": 70, ""grade"": ""C"", ""is_protected"": true, ""error"": null, ""checks"": [], ""flaw_count"": 0, ""primary_flaw"": ""protected_asset""}",https://demo-site-beige-eight.vercel.app/?biz=Best+Western+Orlando+East+Inn+%26+Suites&city=Orlando&cat=tourism%3Dhotel&phone=%2B1+407-282-3900&report=eyJzY29yZSI6IDcwLCAiZ3JhZGUiOiAiQyIsICJpc3N1ZXMiOiBbXX0%3D
978601842,way,Embassy Suites,+1 407-834-2400,,https://www.hilton.com/en/hotels/mcospes-embassy-suites-orlando-north/,Shorecrest Drive,Altamonte Springs,Florida,32701,tourism=hotel,28.6643549,-81.3857771,website_upgrade,protected_asset,0,70,C,"{""score"": 70, ""grade"": ""C"", ""is_protected"": true, ""error"": null, ""checks"": [], ""flaw_count"": 0, ""primary_flaw"": ""protected_asset""}",https://demo-site-beige-eight.vercel.app/?biz=Embassy+Suites&city=Altamonte+Springs&cat=tourism%3Dhotel&phone=%2B1+407-834-2400&report=eyJzY29yZSI6IDcwLCAiZ3JhZGUiOiAiQyIsICJpc3N1ZXMiOiBbXX0%3D
1039091638,way,Cambria Hotel Orlando Airport,+1-407-652-6284,,https://www.cambriaorlando.com/,Conway Road,Orlando,Florida,32812,tourism=hotel,28.4533419,-81.333528,website_upgrade,Sluggish load time (1.5s),1,85,B,"{""score"": 85, ""grade"": ""B"", ""is_protected"": false, ""error"": null, ""checks"": [{""id"": ""ssl"", ""title"": ""Valid HTTPS"", ""status"": ""pass"", ""detail"": ""Site is served securely over HTTPS."", ""recommendation"": """"}, {""id"": ""speed"", ""title"": ""Sluggish load time (1.5s)"", ""status"": ""fail"", ""detail"": ""Server response is slower than the ~1s users expect."", ""recommendation"": ""Enable caching/CDN and compress assets to cut response time.""}, {""id"": ""mobile"", ""title"": ""Mobile responsive"", ""status"": ""pass"", ""detail"": ""Viewport meta tag is present."", ""recommendation"": """"}, {""id"": ""seo_title"", ""title"": ""Page title present"", ""status"": ""pass"", ""detail"": ""Title: \""Cambria Hotel Orlando Airport | Official Site\"""", ""recommendation"": """"}, {""id"": ""seo_meta"", ""title"": ""Meta description present"", ""status"": ""pass"", ""detail"": ""Search snippet is controlled, not auto-generated."", ""recommendation"": """"}, {""id"": ""seo_h1"", ""title"": ""Primary heading (H1) present"", ""status"": ""pass"", ""detail"": ""Clear page hierarchy for SEO."", ""recommendation"": """"}, {""id"": ""favicon"", ""title"": ""Favicon present"", ""status"": ""pass"", ""detail"": ""Browser tab branding is set."", ""recommendation"": """"}, {""id"": ""social_tags"", ""title"": ""Social share tags present"", ""status"": ""pass"", ""detail"": ""Links preview correctly on social/chat apps."", ""recommendation"": """"}], ""flaw_count"": 1, ""primary_flaw"": ""Sluggish load time (1.5s)""}",https://demo-site-beige-eight.vercel.app/?biz=Cambria+Hotel+Orlando+Airport&city=Orlando&cat=tourism%3Dhotel&phone=%2B1-407-652-6284&report=eyJzY29yZSI6IDg1LCAiZ3JhZGUiOiAiQiIsICJpc3N1ZXMiOiBbIlNsdWdnaXNoIGxvYWQgdGltZSAoMS41cykiXX0%3D
1179761938,way,Wyndham Garden,,,https://www.wyndhamhotels.com/wyndham-garden/orlando-florida/wyndham-garden-orlando-universal-international-drive/overview,American Way,Orlando,Florida,32819,tourism=hotel,28.4644147,-81.4597642,website_upgrade,Missing social preview tags,1,90,A,"{""score"": 90, ""grade"": ""A"", ""is_protected"": false, ""error"": null, ""checks"": [{""id"": ""ssl"", ""title"": ""Valid HTTPS"", ""status"": ""pass"", ""detail"": ""Site is served securely over HTTPS."", ""recommendation"": """"}, {""id"": ""speed"", ""title"": ""Fast server response"", ""status"": ""pass"", ""detail"": ""Time-to-first-byte was 0.41s."", ""recommendation"": """"}, {""id"": ""mobile"", ""title"": ""Mobile responsive"", ""status"": ""pass"", ""detail"": ""Viewport meta tag is present."", ""recommendation"": """"}, {""id"": ""seo_title"", ""title"": ""Page title present"", ""status"": ""pass"", ""detail"": ""Title: \""Wyndham Garden Orlando Universal / I Drive | Orlando, FL Hot\"""", ""recommendation"": """"}, {""id"": ""seo_meta"", ""title"": ""Meta description present"", ""status"": ""pass"", ""detail"": ""Search snippet is controlled, not auto-generated."", ""recommendation"": """"}, {""id"": ""seo_h1"", ""title"": ""Primary heading (H1) present"", ""status"": ""pass"", ""detail"": ""Clear page hierarchy for SEO."", ""recommendation"": """"}, {""id"": ""favicon"", ""title"": ""Favicon present"", ""status"": ""pass"", ""detail"": ""Browser tab branding is set."", ""recommendation"": """"}, {""id"": ""social_tags"", ""title"": ""Missing social preview tags"", ""status"": ""fail"", ""detail"": ""No Open Graph tags \u2014 shared links show a blank/ugly preview."", ""recommendation"": ""Add og:title, og:description and og:image meta tags.""}], ""flaw_count"": 1, ""primary_flaw"": ""Missing social preview tags""}",https://demo-site-beige-eight.vercel.app/?biz=Wyndham+Garden&city=Orlando&cat=tourism%3Dhotel&phone=&report=eyJzY29yZSI6IDkwLCAiZ3JhZGUiOiAiQSIsICJpc3N1ZXMiOiBbIk1pc3Npbmcgc29jaWFsIHByZXZpZXcgdGFncyJdfQ%3D%3D
1179761948,way,La Quinta Orlando International Drive North,+1 407-351-4100,,https://www.wyndhamhotels.com/laquinta/orlando-florida/la-quinta-inn-orlando-international-drive-north/overview,International Drive,Orlando,Florida,32819,tourism=hotel,28.4634401,-81.4596609,website_upgrade,Missing social preview tags,1,90,A,"{""score"": 90, ""grade"": ""A"", ""is_protected"": false, ""error"": null, ""checks"": [{""id"": ""ssl"", ""title"": ""Valid HTTPS"", ""status"": ""pass"", ""detail"": ""Site is served securely over HTTPS."", ""recommendation"": """"}, {""id"": ""speed"", ""title"": ""Fast server response"", ""status"": ""pass"", ""detail"": ""Time-to-first-byte was 0.49s."", ""recommendation"": """"}, {""id"": ""mobile"", ""title"": ""Mobile responsive"", ""status"": ""pass"", ""detail"": ""Viewport meta tag is present."", ""recommendation"": """"}, {""id"": ""seo_title"", ""title"": ""Page title present"", ""status"": ""pass"", ""detail"": ""Title: \""La Quinta Inn by Wyndham Orlando International Drive North |\"""", ""recommendation"": """"}, {""id"": ""seo_meta"", ""title"": ""Meta description present"", ""status"": ""pass"", ""detail"": ""Search snippet is controlled, not auto-generated."", ""recommendation"": """"}, {""id"": ""seo_h1"", ""title"": ""Primary heading (H1) present"", ""status"": ""pass"", ""detail"": ""Clear page hierarchy for SEO."", ""recommendation"": """"}, {""id"": ""favicon"", ""title"": ""Favicon present"", ""status"": ""pass"", ""detail"": ""Browser tab branding is set."", ""recommendation"": """"}, {""id"": ""social_tags"", ""title"": ""Missing social preview tags"", ""status"": ""fail"", ""detail"": ""No Open Graph tags \u2014 shared links show a blank/ugly preview."", ""recommendation"": ""Add og:title, og:description and og:image meta tags.""}], ""flaw_count"": 1, ""primary_flaw"": ""Missing social preview tags""}",https://demo-site-beige-eight.vercel.app/?biz=La+Quinta+Orlando+International+Drive+North&city=Orlando&cat=tourism%3Dhotel&phone=%2B1+407-351-4100&report=eyJzY29yZSI6IDkwLCAiZ3JhZGUiOiAiQSIsICJpc3N1ZXMiOiBbIk1pc3Npbmcgc29jaWFsIHByZXZpZXcgdGFncyJdfQ%3D%3D
1197038364,way,Wyndham Orlando Resort International Drive,+1 407 351 2420;+1 888 996 3426,,https://www.wyndhamhotels.com/wyndham/orlando-florida/wyndham-orlando-resort/overview,International Drive,Orlando,Florida,32819,tourism=hotel,28.4481089,-81.467847,website_upgrade,Sluggish load time (2.2s),4,55,D,"{""score"": 55, ""grade"": ""D"", ""is_protected"": false, ""error"": null, ""checks"": [{""id"": ""ssl"", ""title"": ""Valid HTTPS"", ""status"": ""pass"", ""detail"": ""Site is served securely over HTTPS."", ""recommendation"": """"}, {""id"": ""speed"", ""title"": ""Sluggish load time (2.2s)"", ""status"": ""fail"", ""detail"": ""Server response is slower than the ~1s users expect."", ""recommendation"": ""Enable caching/CDN and compress assets to cut response time.""}, {""id"": ""mobile"", ""title"": ""Mobile responsive"", ""status"": ""pass"", ""detail"": ""Viewport meta tag is present."", ""recommendation"": """"}, {""id"": ""seo_title"", ""title"": ""Page title present"", ""status"": ""pass"", ""detail"": ""Title: \""Search Results\"""", ""recommendation"": """"}, {""id"": ""seo_meta"", ""title"": ""Missing meta description"", ""status"": ""fail"", ""detail"": ""Google will auto-generate a snippet, often poorly."", ""recommendation"": ""Write a compelling 150-character meta description per page.""}, {""id"": ""seo_h1"", ""title"": ""Missing primary heading (H1)"", ""status"": ""fail"", ""detail"": ""No H1 \u2014 search engines can't tell what the page is about."", ""recommendation"": ""Add one clear, keyword-relevant H1 per page.""}, {""id"": ""favicon"", ""title"": ""Favicon present"", ""status"": ""pass"", ""detail"": ""Browser tab branding is set."", ""recommendation"": """"}, {""id"": ""social_tags"", ""title"": ""Missing social preview tags"", ""status"": ""fail"", ""detail"": ""No Open Graph tags \u2014 shared links show a blank/ugly preview."", ""recommendation"": ""Add og:title, og:description and og:image meta tags.""}], ""flaw_count"": 4, ""primary_flaw"": ""Sluggish load time (2.2s)""}",https://demo-site-beige-eight.vercel.app/?biz=Wyndham+Orlando+Resort+International+Drive&city=Orlando&cat=tourism%3Dhotel&phone=%2B1+407+351+2420%3B%2B1+888+996+3426&report=eyJzY29yZSI6IDU1LCAiZ3JhZGUiOiAiRCIsICJpc3N1ZXMiOiBbIlNsdWdnaXNoIGxvYWQgdGltZSAoMi4ycykiLCAiTWlzc2luZyBtZXRhIGRlc2NyaXB0aW9uIiwgIk1pc3NpbmcgcHJpbWFyeSBoZWFkaW5nIChIMSkiLCAiTWlzc2luZyBzb2NpYWwgcHJldmlldyB0YWdzIl19
1245332379,way,Hilton Garden Inn,+1 407-755-3733,,https://www.hilton.com/en/hotels/mcowpgi-hilton-garden-inn-winter-park/,Lee Road,Winter Park,Florida,32789,tourism=hotel,28.606279,-81.3665477,website_upgrade,protected_asset,0,70,C,"{""score"": 70, ""grade"": ""C"", ""is_protected"": true, ""error"": null, ""checks"": [], ""flaw_count"": 0, ""primary_flaw"": ""protected_asset""}",https://demo-site-beige-eight.vercel.app/?biz=Hilton+Garden+Inn&city=Winter+Park&cat=tourism%3Dhotel&phone=%2B1+407-755-3733&report=eyJzY29yZSI6IDcwLCAiZ3JhZGUiOiAiQyIsICJpc3N1ZXMiOiBbXX0%3D
1285406311,way,Universal Stella Nova Resort,,,https://www.universalorlando.com/web/en/us/places-to-stay/universal-stella-nova-resort,Epic Boulevard,Orlando,Florida,32819,tourism=hotel,28.4334321,-81.449685,website_upgrade,Missing primary heading (H1),1,90,A,"{""score"": 90, ""grade"": ""A"", ""is_protected"": false, ""error"": null, ""checks"": [{""id"": ""ssl"", ""title"": ""Valid HTTPS"", ""status"": ""pass"", ""detail"": ""Site is served securely over HTTPS."", ""recommendation"": """"}, {""id"": ""speed"", ""title"": ""Fast server response"", ""status"": ""pass"", ""detail"": ""Time-to-first-byte was 0.32s."", ""recommendation"": """"}, {""id"": ""mobile"", ""title"": ""Mobile responsive"", ""status"": ""pass"", ""detail"": ""Viewport meta tag is present."", ""recommendation"": """"}, {""id"": ""seo_title"", ""title"": ""Page title present"", ""status"": ""pass"", ""detail"": ""Title: \""Universal Orlando\"""", ""recommendation"": """"}, {""id"": ""seo_meta"", ""title"": ""Meta description present"", ""status"": ""pass"", ""detail"": ""Search snippet is controlled, not auto-generated."", ""recommendation"": """"}, {""id"": ""seo_h1"", ""title"": ""Missing primary heading (H1)"", ""status"": ""fail"", ""detail"": ""No H1 \u2014 search engines can't tell what the page is about."", ""recommendation"": ""Add one clear, keyword-relevant H1 per page.""}, {""id"": ""favicon"", ""title"": ""Favicon present"", ""status"": ""pass"", ""detail"": ""Browser tab branding is set."", ""recommendation"": """"}, {""id"": ""social_tags"", ""title"": ""Social share tags present"", ""status"": ""pass"", ""detail"": ""Links preview correctly on social/chat apps."", ""recommendation"": """"}], ""flaw_count"": 1, ""primary_flaw"": ""Missing primary heading (H1)""}",https://demo-site-beige-eight.vercel.app/?biz=Universal+Stella+Nova+Resort&city=Orlando&cat=tourism%3Dhotel&phone=&report=eyJzY29yZSI6IDkwLCAiZ3JhZGUiOiAiQSIsICJpc3N1ZXMiOiBbIk1pc3NpbmcgcHJpbWFyeSBoZWFkaW5nIChIMSkiXX0%3D
1356959785,way,Holiday Inn Express & Suites Orlando-Ocoee East,+1-407-290-2710,gm.mcooc@gmail.com,https://www.ihg.com/holidayinnexpress/hotels/us/en/orlando/mcooc/hoteldetail,West Colonial Drive,Orlando,Florida,32818,tourism=hotel,28.5499612,-81.4834273,website_upgrade,protected_asset,0,70,C,"{""score"": 70, ""grade"": ""C"", ""is_protected"": true, ""error"": null, ""checks"": [], ""flaw_count"": 0, ""primary_flaw"": ""protected_asset""}",https://demo-site-beige-eight.vercel.app/?biz=Holiday+Inn+Express+%26+Suites+Orlando-Ocoee+East&city=Orlando&cat=tourism%3Dhotel&phone=%2B1-407-290-2710&report=eyJzY29yZSI6IDcwLCAiZ3JhZGUiOiAiQyIsICJpc3N1ZXMiOiBbXX0%3D
1368855013,way,Universal Terra Luna Resort,,,https://www.universalorlando.com/web/en/us/places-to-stay/universal-terra-luna-resort,Epic Boulevard,Orlando,Florida,32819,tourism=hotel,28.4337452,-81.4525278,website_upgrade,Missing primary heading (H1),1,90,A,"{""score"": 90, ""grade"": ""A"", ""is_protected"": false, ""error"": null, ""checks"": [{""id"": ""ssl"", ""title"": ""Valid HTTPS"", ""status"": ""pass"", ""detail"": ""Site is served securely over HTTPS."", ""recommendation"": """"}, {""id"": ""speed"", ""title"": ""Fast server response"", ""status"": ""pass"", ""detail"": ""Time-to-first-byte was 0.89s."", ""recommendation"": """"}, {""id"": ""mobile"", ""title"": ""Mobile responsive"", ""status"": ""pass"", ""detail"": ""Viewport meta tag is present."", ""recommendation"": """"}, {""id"": ""seo_title"", ""title"": ""Page title present"", ""status"": ""pass"", ""detail"": ""Title: \""Universal Orlando\"""", ""recommendation"": """"}, {""id"": ""seo_meta"", ""title"": ""Meta description present"", ""status"": ""pass"", ""detail"": ""Search snippet is controlled, not auto-generated."", ""recommendation"": """"}, {""id"": ""seo_h1"", ""title"": ""Missing primary heading (H1)"", ""status"": ""fail"", ""detail"": ""No H1 \u2014 search engines can't tell what the page is about."", ""recommendation"": ""Add one clear, keyword-relevant H1 per page.""}, {""id"": ""favicon"", ""title"": ""Favicon present"", ""status"": ""pass"", ""detail"": ""Browser tab branding is set."", ""recommendation"": """"}, {""id"": ""social_tags"", ""title"": ""Social share tags present"", ""status"": ""pass"", ""detail"": ""Links preview correctly on social/chat apps."", ""recommendation"": """"}], ""flaw_count"": 1, ""primary_flaw"": ""Missing primary heading (H1)""}",https://demo-site-beige-eight.vercel.app/?biz=Universal+Terra+Luna+Resort&city=Orlando&cat=tourism%3Dhotel&phone=&report=eyJzY29yZSI6IDkwLCAiZ3JhZGUiOiAiQSIsICJpc3N1ZXMiOiBbIk1pc3NpbmcgcHJpbWFyeSBoZWFkaW5nIChIMSkiXX0%3D
1370982294,way,Universal Helios Grand Hotel,,,https://www.universalorlando.com/web/en/us/places-to-stay/universal-helios-grand-hotel,Kirkman Road,Orlando,Florida,32819,tourism=hotel,28.4418303,-81.4491083,website_upgrade,Missing primary heading (H1),1,90,A,"{""score"": 90, ""grade"": ""A"", ""is_protected"": false, ""error"": null, ""checks"": [{""id"": ""ssl"", ""title"": ""Valid HTTPS"", ""status"": ""pass"", ""detail"": ""Site is served securely over HTTPS."", ""recommendation"": """"}, {""id"": ""speed"", ""title"": ""Fast server response"", ""status"": ""pass"", ""detail"": ""Time-to-first-byte was 0.97s."", ""recommendation"": """"}, {""id"": ""mobile"", ""title"": ""Mobile responsive"", ""status"": ""pass"", ""detail"": ""Viewport meta tag is present."", ""recommendation"": """"}, {""id"": ""seo_title"", ""title"": ""Page title present"", ""status"": ""pass"", ""detail"": ""Title: \""Universal Orlando\"""", ""recommendation"": """"}, {""id"": ""seo_meta"", ""title"": ""Meta description present"", ""status"": ""pass"", ""detail"": ""Search snippet is controlled, not auto-generated."", ""recommendation"": """"}, {""id"": ""seo_h1"", ""title"": ""Missing primary heading (H1)"", ""status"": ""fail"", ""detail"": ""No H1 \u2014 search engines can't tell what the page is about."", ""recommendation"": ""Add one clear, keyword-relevant H1 per page.""}, {""id"": ""favicon"", ""title"": ""Favicon present"", ""status"": ""pass"", ""detail"": ""Browser tab branding is set."", ""recommendation"": """"}, {""id"": ""social_tags"", ""title"": ""Social share tags present"", ""status"": ""pass"", ""detail"": ""Links preview correctly on social/chat apps."", ""recommendation"": """"}], ""flaw_count"": 1, ""primary_flaw"": ""Missing primary heading (H1)""}",https://demo-site-beige-eight.vercel.app/?biz=Universal+Helios+Grand+Hotel&city=Orlando&cat=tourism%3Dhotel&phone=&report=eyJzY29yZSI6IDkwLCAiZ3JhZGUiOiAiQSIsICJpc3N1ZXMiOiBbIk1pc3NpbmcgcHJpbWFyeSBoZWFkaW5nIChIMSkiXX0%3D
1388501518,way,EVEN Hotel,+1-407-203-8747,,https://www.ihg.com/evenhotels/hotels/us/en/orlando/orlmr/hoteldetail,McCoy Road,Orlando,Florida,32812,tourism=hotel,28.4542264,-81.3310062,website_upgrade,protected_asset,0,70,C,"{""score"": 70, ""grade"": ""C"", ""is_protected"": true, ""error"": null, ""checks"": [], ""flaw_count"": 0, ""primary_flaw"": ""protected_asset""}",https://demo-site-beige-eight.vercel.app/?biz=EVEN+Hotel&city=Orlando&cat=tourism%3Dhotel&phone=%2B1-407-203-8747&report=eyJzY29yZSI6IDcwLCAiZ3JhZGUiOiAiQyIsICJpc3N1ZXMiOiBbXX0%3D
1516453164,way,Coco Key Hotel and Water Park Resort,+1 407 351 2626,reservations@cocokeyorlando.com,https://www.cocokeyorlando.com/,International Drive,Orlando,Florida,32819,tourism=hotel,28.4543309,-81.4724093,website_upgrade,Sluggish load time (1.8s),1,85,B,"{""score"": 85, ""grade"": ""B"", ""is_protected"": false, ""error"": null, ""checks"": [{""id"": ""ssl"", ""title"": ""Valid HTTPS"", ""status"": ""pass"", ""detail"": ""Site is served securely over HTTPS."", ""recommendation"": """"}, {""id"": ""speed"", ""title"": ""Sluggish load time (1.8s)"", ""status"": ""fail"", ""detail"": ""Server response is slower than the ~1s users expect."", ""recommendation"": ""Enable caching/CDN and compress assets to cut response time.""}, {""id"": ""mobile"", ""title"": ""Mobile responsive"", ""status"": ""pass"", ""detail"": ""Viewport meta tag is present."", ""recommendation"": """"}, {""id"": ""seo_title"", ""title"": ""Page title present"", ""status"": ""pass"", ""detail"": ""Title: \""Orlando Family Hotel | CoCo Key Hotel & Water Park\"""", ""recommendation"": """"}, {""id"": ""seo_meta"", ""title"": ""Meta description present"", ""status"": ""pass"", ""detail"": ""Search snippet is controlled, not auto-generated."", ""recommendation"": """"}, {""id"": ""seo_h1"", ""title"": ""Primary heading (H1) present"", ""status"": ""pass"", ""detail"": ""Clear page hierarchy for SEO."", ""recommendation"": """"}, {""id"": ""favicon"", ""title"": ""Favicon present"", ""status"": ""pass"", ""detail"": ""Browser tab branding is set."", ""recommendation"": """"}, {""id"": ""social_tags"", ""title"": ""Social share tags present"", ""status"": ""pass"", ""detail"": ""Links preview correctly on social/chat apps."", ""recommendation"": """"}], ""flaw_count"": 1, ""primary_flaw"": ""Sluggish load time (1.8s)""}",https://demo-site-beige-eight.vercel.app/?biz=Coco+Key+Hotel+and+Water+Park+Resort&city=Orlando&cat=tourism%3Dhotel&phone=%2B1+407+351+2626&report=eyJzY29yZSI6IDg1LCAiZ3JhZGUiOiAiQiIsICJpc3N1ZXMiOiBbIlNsdWdnaXNoIGxvYWQgdGltZSAoMS44cykiXX0%3D
6170733,relation,Universal's Cabana Bay Beach Resort,,,https://www.universalorlando.com/web/en/us/places-to-stay/universals-cabana-bay-beach-resort,Adventure Way,Orlando,Florida,32819,tourism=hotel,28.4655849,-81.4736441,website_upgrade,Missing primary heading (H1),1,90,A,"{""score"": 90, ""grade"": ""A"", ""is_protected"": false, ""error"": null, ""checks"": [{""id"": ""ssl"", ""title"": ""Valid HTTPS"", ""status"": ""pass"", ""detail"": ""Site is served securely over HTTPS."", ""recommendation"": """"}, {""id"": ""speed"", ""title"": ""Fast server response"", ""status"": ""pass"", ""detail"": ""Time-to-first-byte was 0.28s."", ""recommendation"": """"}, {""id"": ""mobile"", ""title"": ""Mobile responsive"", ""status"": ""pass"", ""detail"": ""Viewport meta tag is present."", ""recommendation"": """"}, {""id"": ""seo_title"", ""title"": ""Page title present"", ""status"": ""pass"", ""detail"": ""Title: \""Universal Orlando\"""", ""recommendation"": """"}, {""id"": ""seo_meta"", ""title"": ""Meta description present"", ""status"": ""pass"", ""detail"": ""Search snippet is controlled, not auto-generated."", ""recommendation"": """"}, {""id"": ""seo_h1"", ""title"": ""Missing primary heading (H1)"", ""status"": ""fail"", ""detail"": ""No H1 \u2014 search engines can't tell what the page is about."", ""recommendation"": ""Add one clear, keyword-relevant H1 per page.""}, {""id"": ""favicon"", ""title"": ""Favicon present"", ""status"": ""pass"", ""detail"": ""Browser tab branding is set."", ""recommendation"": """"}, {""id"": ""social_tags"", ""title"": ""Social share tags present"", ""status"": ""pass"", ""detail"": ""Links preview correctly on social/chat apps."", ""recommendation"": """"}], ""flaw_count"": 1, ""primary_flaw"": ""Missing primary heading (H1)""}",https://demo-site-beige-eight.vercel.app/?biz=Universal%27s+Cabana+Bay+Beach+Resort&city=Orlando&cat=tourism%3Dhotel&phone=&report=eyJzY29yZSI6IDkwLCAiZ3JhZGUiOiAiQSIsICJpc3N1ZXMiOiBbIk1pc3NpbmcgcHJpbWFyeSBoZWFkaW5nIChIMSkiXX0%3D
6170740,relation,Rosen Inn International,+1 407 996 1600;+1 800 825 7600,info7600@roseninns.com,https://www.roseninn7600.com/,International Drive,Orlando,Florida,32819,tourism=hotel,28.4520944,-81.472351,website_upgrade,Sluggish load time (1.3s),2,75,B,"{""score"": 75, ""grade"": ""B"", ""is_protected"": false, ""error"": null, ""checks"": [{""id"": ""ssl"", ""title"": ""Valid HTTPS"", ""status"": ""pass"", ""detail"": ""Site is served securely over HTTPS."", ""recommendation"": """"}, {""id"": ""speed"", ""title"": ""Sluggish load time (1.3s)"", ""status"": ""fail"", ""detail"": ""Server response is slower than the ~1s users expect."", ""recommendation"": ""Enable caching/CDN and compress assets to cut response time.""}, {""id"": ""mobile"", ""title"": ""Mobile responsive"", ""status"": ""pass"", ""detail"": ""Viewport meta tag is present."", ""recommendation"": """"}, {""id"": ""seo_title"", ""title"": ""Page title present"", ""status"": ""pass"", ""detail"": ""Title: \""Rosen Inn International | Near the Theme Parks\"""", ""recommendation"": """"}, {""id"": ""seo_meta"", ""title"": ""Meta description present"", ""status"": ""pass"", ""detail"": ""Search snippet is controlled, not auto-generated."", ""recommendation"": """"}, {""id"": ""seo_h1"", ""title"": ""Missing primary heading (H1)"", ""status"": ""fail"", ""detail"": ""No H1 \u2014 search engines can't tell what the page is about."", ""recommendation"": ""Add one clear, keyword-relevant H1 per page.""}, {""id"": ""favicon"", ""title"": ""Favicon present"", ""status"": ""pass"", ""detail"": ""Browser tab branding is set."", ""recommendation"": """"}, {""id"": ""social_tags"", ""title"": ""Social share tags present"", ""status"": ""pass"", ""detail"": ""Links preview correctly on social/chat apps."", ""recommendation"": """"}], ""flaw_count"": 2, ""primary_flaw"": ""Sluggish load time (1.3s)""}",https://demo-site-beige-eight.vercel.app/?biz=Rosen+Inn+International&city=Orlando&cat=tourism%3Dhotel&phone=%2B1+407+996+1600%3B%2B1+800+825+7600&report=eyJzY29yZSI6IDc1LCAiZ3JhZGUiOiAiQiIsICJpc3N1ZXMiOiBbIlNsdWdnaXNoIGxvYWQgdGltZSAoMS4zcykiLCAiTWlzc2luZyBwcmltYXJ5IGhlYWRpbmcgKEgxKSJdfQ%3D%3D
6170742,relation,La Quinta Inn Orlando International Drive,,,https://www.wyndhamhotels.com/laquinta/orlando-florida/la-quinta-inn-orlando-international-drive-north/overview,,City Not Listed,Florida,,tourism=hotel,28.4455335,-81.4732154,website_upgrade,Missing social preview tags,1,90,A,"{""score"": 90, ""grade"": ""A"", ""is_protected"": false, ""error"": null, ""checks"": [{""id"": ""ssl"", ""title"": ""Valid HTTPS"", ""status"": ""pass"", ""detail"": ""Site is served securely over HTTPS."", ""recommendation"": """"}, {""id"": ""speed"", ""title"": ""Fast server response"", ""status"": ""pass"", ""detail"": ""Time-to-first-byte was 0.22s."", ""recommendation"": """"}, {""id"": ""mobile"", ""title"": ""Mobile responsive"", ""status"": ""pass"", ""detail"": ""Viewport meta tag is present."", ""recommendation"": """"}, {""id"": ""seo_title"", ""title"": ""Page title present"", ""status"": ""pass"", ""detail"": ""Title: \""La Quinta Inn by Wyndham Orlando International Drive North |\"""", ""recommendation"": """"}, {""id"": ""seo_meta"", ""title"": ""Meta description present"", ""status"": ""pass"", ""detail"": ""Search snippet is controlled, not auto-generated."", ""recommendation"": """"}, {""id"": ""seo_h1"", ""title"": ""Primary heading (H1) present"", ""status"": ""pass"", ""detail"": ""Clear page hierarchy for SEO."", ""recommendation"": """"}, {""id"": ""favicon"", ""title"": ""Favicon present"", ""status"": ""pass"", ""detail"": ""Browser tab branding is set."", ""recommendation"": """"}, {""id"": ""social_tags"", ""title"": ""Missing social preview tags"", ""status"": ""fail"", ""detail"": ""No Open Graph tags \u2014 shared links show a blank/ugly preview."", ""recommendation"": ""Add og:title, og:description and og:image meta tags.""}], ""flaw_count"": 1, ""primary_flaw"": ""Missing social preview tags""}",https://demo-site-beige-eight.vercel.app/?biz=La+Quinta+Inn+Orlando+International+Drive&city=City+Not+Listed&cat=tourism%3Dhotel&phone=&report=eyJzY29yZSI6IDkwLCAiZ3JhZGUiOiAiQSIsICJpc3N1ZXMiOiBbIk1pc3Npbmcgc29jaWFsIHByZXZpZXcgdGFncyJdfQ%3D%3D
6170743,relation,Avanti International Resort,+1 877 821 3010,,https://www.avantiresort.com/,International Drive,Orlando,Florida,32819,tourism=hotel,28.4396593,-81.4727559,website_upgrade,Sluggish load time (1.8s),1,85,B,"{""score"": 85, ""grade"": ""B"", ""is_protected"": false, ""error"": null, ""checks"": [{""id"": ""ssl"", ""title"": ""Valid HTTPS"", ""status"": ""pass"", ""detail"": ""Site is served securely over HTTPS."", ""recommendation"": """"}, {""id"": ""speed"", ""title"": ""Sluggish load time (1.8s)"", ""status"": ""fail"", ""detail"": ""Server response is slower than the ~1s users expect."", ""recommendation"": ""Enable caching/CDN and compress assets to cut response time.""}, {""id"": ""mobile"", ""title"": ""Mobile responsive"", ""status"": ""pass"", ""detail"": ""Viewport meta tag is present."", ""recommendation"": """"}, {""id"": ""seo_title"", ""title"": ""Page title present"", ""status"": ""pass"", ""detail"": ""Title: \""Affordable Family Friendly Resorts in Orlando | Avanti Inter\"""", ""recommendation"": """"}, {""id"": ""seo_meta"", ""title"": ""Meta description present"", ""status"": ""pass"", ""detail"": ""Search snippet is controlled, not auto-generated."", ""recommendation"": """"}, {""id"": ""seo_h1"", ""title"": ""Primary heading (H1) present"", ""status"": ""pass"", ""detail"": ""Clear page hierarchy for SEO."", ""recommendation"": """"}, {""id"": ""favicon"", ""title"": ""Favicon present"", ""status"": ""pass"", ""detail"": ""Browser tab branding is set."", ""recommendation"": """"}, {""id"": ""social_tags"", ""title"": ""Social share tags present"", ""status"": ""pass"", ""detail"": ""Links preview correctly on social/chat apps."", ""recommendation"": """"}], ""flaw_count"": 1, ""primary_flaw"": ""Sluggish load time (1.8s)""}",https://demo-site-beige-eight.vercel.app/?biz=Avanti+International+Resort&city=Orlando&cat=tourism%3Dhotel&phone=%2B1+877+821+3010&report=eyJzY29yZSI6IDg1LCAiZ3JhZGUiOiAiQiIsICJpc3N1ZXMiOiBbIlNsdWdnaXNoIGxvYWQgdGltZSAoMS44cykiXX0%3D
16190336,relation,Sonesta ES Suites Orlando,+1 407 352 2400,,https://www.sonesta.com/sonesta-es-suites/fl/orlando/sonesta-es-suites-orlando-international-drive,International Drive,Orlando,Florida,32819,tourism=hotel,28.442501,-81.4711582,website_upgrade,Sluggish load time (1.8s),2,75,B,"{""score"": 75, ""grade"": ""B"", ""is_protected"": false, ""error"": null, ""checks"": [{""id"": ""ssl"", ""title"": ""Valid HTTPS"", ""status"": ""pass"", ""detail"": ""Site is served securely over HTTPS."", ""recommendation"": """"}, {""id"": ""speed"", ""title"": ""Sluggish load time (1.8s)"", ""status"": ""fail"", ""detail"": ""Server response is slower than the ~1s users expect."", ""recommendation"": ""Enable caching/CDN and compress assets to cut response time.""}, {""id"": ""mobile"", ""title"": ""Mobile responsive"", ""status"": ""pass"", ""detail"": ""Viewport meta tag is present."", ""recommendation"": """"}, {""id"": ""seo_title"", ""title"": ""Page title present"", ""status"": ""pass"", ""detail"": ""Title: \""Sonesta ES Suites Orlando - International Drive [Best Rates]\"""", ""recommendation"": """"}, {""id"": ""seo_meta"", ""title"": ""Meta description present"", ""status"": ""pass"", ""detail"": ""Search snippet is controlled, not auto-generated."", ""recommendation"": """"}, {""id"": ""seo_h1"", ""title"": ""Primary heading (H1) present"", ""status"": ""pass"", ""detail"": ""Clear page hierarchy for SEO."", ""recommendation"": """"}, {""id"": ""favicon"", ""title"": ""Favicon present"", ""status"": ""pass"", ""detail"": ""Browser tab branding is set."", ""recommendation"": """"}, {""id"": ""social_tags"", ""title"": ""Missing social preview tags"", ""status"": ""fail"", ""detail"": ""No Open Graph tags \u2014 shared links show a blank/ugly preview."", ""recommendation"": ""Add og:title, og:description and og:image meta tags.""}], ""flaw_count"": 2, ""primary_flaw"": ""Sluggish load time (1.8s)""}",https://demo-site-beige-eight.vercel.app/?biz=Sonesta+ES+Suites+Orlando&city=Orlando&cat=tourism%3Dhotel&phone=%2B1+407+352+2400&report=eyJzY29yZSI6IDc1LCAiZ3JhZGUiOiAiQiIsICJpc3N1ZXMiOiBbIlNsdWdnaXNoIGxvYWQgdGltZSAoMS44cykiLCAiTWlzc2luZyBzb2NpYWwgcHJldmlldyB0YWdzIl19
